timestamp	 tic	 x	 y	 z	 angle	 momx	 momy
2025-11-03 21:29:16	 498	 -96	784	56	 200.74	 -1	-1 	0
2025-11-03 21:29:17	 533	 -244	734	56	 149.77	 -7	0 	0
2025-11-03 21:29:18	 568	 -417	751	56	 125.16	 -4	0 	0
2025-11-03 21:29:19	 603	 -473	855	56	 67.15	 1	4 	0
2025-11-03 21:29:20	 638	 -540	733	56	 12.66	 -6	-5 	0
2025-11-03 21:29:21	 673	 -447	720	56	 342.77	 7	-1 	0
2025-11-03 21:29:22	 708	 -188	694	56	 47.81	 5	2 	0
2025-11-03 21:29:23	 743	 -80	819	56	 93.52	 0	3 	0
2025-11-03 21:29:24	 778	 -90	907	8	 114.61	 -1	1 	0
2025-11-03 21:29:25	 813	 -96	926	8	 75.94	 -1	0 	0
2025-11-03 21:29:26	 851	 -83	980	16	 84.73	 0	0 	0
2025-11-03 21:29:27	 897	 -74	1072	32	 84.73	 0	7 	0
2025-11-03 21:29:28	 932	 -63	1350	56	 100.55	 -1	8 	0
2025-11-03 21:29:29	 967	 -72	1534	56	 3.87	 0	0 	0
2025-11-03 21:29:30	 1002	 -34	1550	56	 9.14	 5	0 	0
2025-11-03 21:29:31	 1037	 223	1552	56	 328.71	 3	-1 	0
2025-11-03 21:29:32	 1072	 356	1552	56	 277.73	 1	0 	0
2025-11-03 21:29:37	 1231	 368	1547	56	 270.70	 0	-3 	0
2025-11-03 21:29:38	 1266	 371	1314	56	 270.70	 0	-9 	0
2025-11-03 21:29:39	 1301	 373	1166	56	 277.73	 0	-1 	0
2025-11-03 21:29:40	 1336	 431	1082	56	 291.80	 0	-4 	0
2025-11-03 21:29:41	 1371	 431	1010	56	 270.70	 0	-1 	0
2025-11-03 21:29:45	 1529	 424	990	56	 235.55	 -2	-2 	0
2025-11-03 21:29:47	 1582	 413	975	56	 235.55	 0	1 	0
2025-11-03 21:29:48	 1617	 431	1031	56	 235.55	 0	0 	0
2025-11-03 21:29:49	 1652	 392	976	56	 235.55	 -1	-1 	0
2025-11-03 21:31:35	 5391	 370	943	56	 258.40	 -1	-2 	0
2025-11-03 21:31:36	 5426	 390	972	56	 235.55	 3	5 	0
2025-11-03 21:31:37	 5461	 399	985	56	 235.55	 -3	-4 	0
2025-11-03 21:31:38	 5496	 366	949	56	 235.55	 -1	0 	0
2025-11-03 21:31:39	 5531	 336	1005	56	 325.20	 0	1 	0
2025-11-03 21:31:40	 5566	 410	963	56	 335.74	 3	-3 	0
2025-11-03 21:31:42	 5626	 422	944	56	 353.32	 -3	0 	0
2025-11-03 21:31:43	 5661	 353	952	56	 353.32	 -1	0 	0
2025-11-03 21:31:45	 5727	 395	993	56	 65.39	 3	5 	0
2025-11-03 21:31:46	 5762	 431	1165	56	 93.52	 -1	6 	0
2025-11-03 21:31:47	 5797	 421	1351	56	 93.52	 -1	1 	0
2025-11-03 21:31:48	 5832	 418	1401	56	 93.52	 -1	5 	0
2025-11-03 21:31:49	 5867	 385	1584	56	 162.07	 -4	2 	0
2025-11-03 21:31:50	 5902	 241	1647	56	 102.30	 -2	0 	0
2025-11-03 21:31:51	 5937	 227	1774	56	 97.03	 -1	4 	0
2025-11-03 21:31:52	 5987	 223	1797	56	 104.06	 -1	0 	0
2025-11-03 21:32:03	 6349	 182	1876	48	 119.88	 -4	6 	0
2025-11-03 21:32:04	 6384	 -2	2078	48	 135.70	 -7	5 	0
2025-11-03 21:32:05	 6419	 -105	2238	48	 49.57	 -1	1 	0
2025-11-03 21:32:06	 6454	 -98	2296	48	 90.00	 0	6 	0
2025-11-03 21:32:07	 6489	 -72	2472	48	 353.32	 0	1 	0
2025-11-03 21:32:12	 6678	 -60	2481	48	 349.80	 3	-1 	0
2025-11-03 21:32:13	 6713	 156	2445	48	 309.38	 4	-2 	0
2025-11-03 21:32:14	 6748	 239	2315	48	 311.13	 0	-1 	0
2025-11-03 21:32:15	 6783	 239	2276	48	 302.34	 0	-1 	0
2025-11-03 21:32:17	 6834	 214	2281	48	 151.17	 -5	2 	0
2025-11-03 21:32:18	 6869	 144	2367	48	 107.23	 -1	4 	0
2025-11-03 21:32:19	 6904	 144	2424	48	 205.66	 0	0 	0
2025-11-03 21:32:20	 6958	 50	2384	48	 228.52	 -3	-1 	3
2025-11-03 21:32:21	 6993	 39	2319	48	 309.38	 3	-5 	0
2025-11-03 21:32:22	 7028	 121	2250	48	 3.87	 6	0 	3
2025-11-03 21:32:23	 7063	 379	2287	48	 33.75	 4	1 	3
2025-11-03 21:32:24	 7098	 424	2301	48	 95.27	 -1	2 	0
2025-11-03 21:32:25	 7133	 390	2421	48	 88.24	 -2	2 	0
2025-11-03 21:32:26	 7168	 378	2447	48	 53.09	 -1	0 	0
2025-11-03 21:32:27	 7207	 488	2591	48	 37.27	 5	5 	4
2025-11-03 21:32:29	 7257	 618	2659	48	 246.09	 -2	-4 	0
2025-11-03 21:32:30	 7292	 563	2534	48	 246.09	 -1	-1 	4
2025-11-03 21:33:26	 9246	 548	2502	48	 240.82	 -3	-5 	0
2025-11-03 21:33:27	 9281	 521	2446	48	 121.29	 -1	-1 	0
2025-11-03 21:33:28	 9316	 508	2571	48	 56.25	 -1	2 	4
2025-11-03 21:33:29	 9351	 570	2587	48	 5.27	 3	-1 	0
2025-11-03 21:33:30	 9386	 616	2671	48	 128.32	 -1	0 	0
2025-11-03 21:33:31	 9421	 480	2656	48	 251.37	 0	-1 	0
2025-11-03 21:33:32	 9456	 461	2470	48	 275.98	 -1	-8 	0
2025-11-03 21:33:33	 9491	 494	2117	48	 249.61	 0	-15 	0
2025-11-03 21:33:34	 9526	 137	1952	48	 216.21	 -15	-4 	0
2025-11-03 21:33:35	 9561	 -95	2053	48	 68.55	 3	13 	0
2025-11-03 21:33:36	 9596	 -95	2557	48	 38.67	 6	6 	0
2025-11-03 21:33:37	 9631	 362	2566	48	 358.24	 16	-1 	0
2025-11-03 21:33:38	 9666	 623	2530	48	 210.94	 0	1 	0
2025-11-03 21:33:39	 9701	 428	2419	48	 293.55	 -4	-12 	0
2025-11-03 21:33:40	 9736	 342	1916	48	 212.70	 -9	-14 	0
2025-11-03 21:33:41	 9774	 153	1768	56	 295.31	 2	-5 	0
2025-11-03 21:33:42	 9809	 201	1668	56	 295.31	 0	-1 	0
2025-11-03 21:33:43	 9871	 230	1651	56	 339.26	 4	-2 	0
2025-11-03 21:33:44	 9906	 326	1614	56	 309.38	 0	-1 	0
2025-11-03 21:33:47	 9983	 336	1579	56	 274.22	 0	-6 	0
2025-11-03 21:33:48	 10018	 356	1317	56	 274.22	 0	-9 	0
2025-11-03 21:33:49	 10053	 377	1027	56	 275.98	 0	-9 	0
2025-11-03 21:33:50	 10088	 390	910	56	 358.59	 0	-1 	0
2025-11-03 21:33:52	 10170	 418	905	40	 358.59	 5	-1 	0
2025-11-03 21:33:53	 10205	 677	897	40	 339.26	 8	-2 	0
2025-11-03 21:33:54	 10240	 940	805	40	 12.66	 8	-1 	0
2025-11-03 21:33:55	 10275	 1039	805	40	 26.72	 0	0 	0
2025-11-03 21:33:57	 10342	 1109	839	40	 35.51	 6	3 	0
2025-11-03 21:33:58	 10377	 1135	867	40	 158.55	 -2	0 	0
2025-11-03 21:33:59	 10412	 917	904	40	 177.89	 -9	0 	0
2025-11-03 21:34:00	 10447	 456	929	40	 140.98	 -16	3 	0
2025-11-03 21:34:01	 10482	 429	1213	56	 114.61	 -2	8 	0
2025-11-03 21:34:02	 10517	 407	1637	56	 353.32	 10	6 	0
2025-11-03 21:34:03	 10552	 661	1527	56	 196.88	 -8	-5 	0
2025-11-03 21:34:04	 10587	 536	1650	56	 21.09	 3	1 	0
2025-11-03 21:34:05	 10622	 644	1645	56	 31.64	 -5	-4 	0
2025-11-03 21:34:06	 10657	 462	1617	56	 289.69	 -2	-1 	0
2025-11-03 21:34:07	 10692	 422	1546	56	 243.98	 -3	-2 	0
2025-11-03 21:34:08	 10727	 404	1390	56	 272.11	 0	-8 	0
2025-11-03 21:34:09	 10762	 403	1104	56	 261.56	 -1	-9 	0
2025-11-03 21:34:10	 10797	 333	855	40	 233.44	 -1	-5 	0
2025-11-03 21:34:11	 10832	 202	683	40	 205.31	 -4	-5 	0
2025-11-03 21:34:12	 10867	 159	677	40	 178.95	 -6	-1 	5
2025-11-03 21:34:14	 10945	 175	679	40	 35.16	 4	0 	5
2025-11-03 21:34:15	 10980	 405	739	40	 15.82	 7	2 	0
2025-11-03 21:34:16	 11015	 689	780	56	 12.30	 8	1 	0
2025-11-03 21:34:17	 11050	 940	819	40	 3.52	 2	0 	0
2025-11-03 21:34:18	 11085	 965	822	40	 3.52	 0	0 	0
2025-11-03 21:35:06	 12750	 920	905	40	 265.08	 -2	-3 	0
2025-11-03 21:35:07	 12785	 978	781	40	 291.45	 2	-2 	0
2025-11-03 21:35:08	 12820	 1101	582	40	 259.80	 1	-8 	0
2025-11-03 21:35:09	 12855	 996	464	40	 217.62	 -5	-1 	0
2025-11-03 21:35:11	 12936	 949	471	40	 43.59	 0	0 	0
2025-11-03 21:35:12	 12971	 1097	515	40	 40.08	 2	4 	0
2025-11-03 21:35:13	 13006	 1091	716	40	 163.12	 -6	4 	0
2025-11-03 21:35:14	 13056	 976	771	40	 92.81	 -1	4 	0
2025-11-03 21:35:15	 13091	 908	943	40	 178.95	 -5	0 	0
2025-11-03 21:35:16	 13126	 660	942	40	 198.28	 -9	-1 	0
2025-11-03 21:35:17	 13161	 409	820	40	 252.77	 -6	-7 	0
2025-11-03 21:35:18	 13196	 437	720	40	 15.82	 5	0 	0
2025-11-03 21:35:19	 13231	 698	733	56	 8.79	 8	0 	0
2025-11-03 21:35:20	 13266	 879	782	40	 31.64	 0	2 	0
2025-11-03 21:35:21	 13301	 1004	972	40	 98.44	 1	7 	0
2025-11-03 21:35:24	 13391	 994	1107	40	 98.44	 -1	3 	0
2025-11-03 21:35:25	 13426	 984	1177	40	 135.35	 -1	0 	0
2025-11-03 21:35:26	 13472	 931	1109	40	 253.12	 -3	-3 	0
2025-11-03 21:35:28	 13532	 1056	1103	40	 35.51	 2	0 	0
2025-11-03 21:35:29	 13580	 1016	1173	40	 100.55	 -2	1 	0
2025-11-03 21:36:03	 195	 1104	1984	0	 262.97	 -1	-1 	13
2025-11-03 21:36:04	 230	 1101	1960	0	 266.48	 -1	-1 	13
2025-11-03 21:36:05	 292	 1103	1947	0	 278.79	 0	-1 	13
2025-11-03 21:36:11	 474	 1105	1920	16	 271.76	 0	-5 	13
2025-11-03 21:36:12	 509	 1037	1705	0	 201.45	 -7	-5 	0
2025-11-03 21:36:13	 544	 853	1519	40	 298.12	 -1	-8 	0
2025-11-03 21:36:14	 579	 972	1480	40	 285.82	 3	-1 	0
2025-11-03 21:36:28	 1079	 995	1432	48	 250.66	 -2	-4 	5
2025-11-03 21:36:29	 1114	 1021	1371	48	 340.31	 5	-4 	0
2025-11-03 21:36:30	 1149	 1199	1341	48	 292.85	 1	-1 	0
2025-11-03 21:36:31	 1184	 1212	1364	48	 264.73	 0	0 	0
2025-11-03 21:36:32	 1229	 1209	1387	48	 273.52	 -1	0 	0
2025-11-03 21:36:33	 1264	 1220	1223	48	 277.03	 0	-8 	0
2025-11-03 21:36:36	 1349	 1229	1350	48	 152.58	 0	1 	0
2025-11-03 21:36:37	 1384	 1207	1362	48	 185.98	 -5	-1 	0
2025-11-03 21:36:38	 1419	 1064	1349	48	 173.67	 -4	0 	0
2025-11-03 21:36:39	 1454	 870	1361	48	 238.71	 -2	0 	0
2025-11-03 21:36:40	 1489	 850	1361	48	 247.50	 -1	0 	0
2025-11-03 21:36:42	 1562	 888	1333	48	 36.91	 0	-1 	0
2025-11-03 21:36:43	 1597	 1001	1408	48	 94.92	 1	0 	0
2025-11-03 21:36:44	 1632	 1002	1483	48	 75.59	 -1	4 	0
2025-11-03 21:36:45	 1667	 1013	1696	0	 61.52	 -1	5 	0
2025-11-03 21:36:46	 1702	 1083	1839	-24	 342.42	 0	1 	0
2025-11-03 21:36:47	 1737	 1140	1822	-24	 245.74	 -1	-3 	0
2025-11-03 21:36:48	 1772	 1012	1640	0	 177.19	 -4	0 	0
2025-11-03 21:36:49	 1807	 849	1522	40	 300.23	 0	-3 	0
2025-11-03 21:36:50	 1842	 969	1480	40	 319.57	 4	0 	0
2025-11-03 21:36:51	 1877	 1020	1480	40	 280.90	 0	-1 	0
2025-11-03 21:36:52	 1912	 1035	1480	40	 263.32	 0	0 	0
2025-11-03 21:36:53	 1958	 987	1366	48	 305.51	 2	-7 	0
2025-11-03 21:36:54	 1993	 1123	1304	48	 282.66	 3	-1 	0
2025-11-03 21:36:55	 2028	 1192	1262	48	 265.08	 1	-6 	0
2025-11-03 21:36:58	 2122	 1206	1218	48	 98.44	 -1	2 	0
2025-11-03 21:36:59	 2157	 1108	1340	48	 161.72	 -7	2 	0
2025-11-03 21:37:00	 2213	 989	1457	48	 66.80	 1	5 	0
2025-11-03 21:37:01	 2248	 1117	1692	5	 40.43	 4	6 	0
2025-11-03 21:37:02	 2283	 1356	1857	-24	 351.21	 7	1 	0
2025-11-03 21:37:03	 2318	 1476	1831	-24	 293.20	 1	-4 	0
2025-11-03 21:37:04	 2353	 1521	1590	-24	 270.35	 0	-9 	0
2025-11-03 21:37:05	 2388	 1528	1498	-24	 263.32	 0	0 	0
2025-11-03 21:37:06	 2423	 1537	1571	-24	 263.32	 0	0 	0
2025-11-03 21:37:07	 2458	 1540	1518	-24	 275.62	 0	-3 	0
2025-11-03 21:37:08	 2493	 1553	1364	-24	 256.29	 0	-6 	0
2025-11-03 21:37:09	 2528	 1556	1297	-24	 133.24	 -1	-1 	0
2025-11-03 21:37:11	 2572	 1558	1296	-24	 91.05	 0	2 	0
2025-11-03 21:37:12	 2607	 1544	1492	-24	 159.61	 -1	2 	0
2025-11-03 21:37:13	 2642	 1537	1512	-24	 243.98	 -2	-3 	0
2025-11-03 21:37:14	 2677	 1538	1383	-24	 275.62	 0	-8 	0
2025-11-03 21:37:15	 2712	 1526	1211	-24	 210.59	 -1	-1 	0
2025-11-03 21:37:16	 2753	 1541	1210	-24	 207.07	 4	2 	0
2025-11-03 21:37:17	 2788	 1583	1264	-24	 189.49	 0	0 	0
2025-11-03 21:37:19	 2875	 1541	1313	-24	 120.94	 -4	5 	0
2025-11-03 21:37:20	 2910	 1488	1491	-24	 122.70	 -1	5 	0
2025-11-03 21:37:21	 2945	 1395	1572	-24	 208.83	 -7	-2 	0
2025-11-03 21:37:23	 3022	 1466	1544	-24	 347.70	 7	-1 	0
2025-11-03 21:37:24	 3057	 1579	1531	-24	 273.87	 0	-1 	0
2025-11-03 21:37:33	 3355	 1573	1469	-24	 261.56	 -1	-7 	0
2025-11-03 21:37:34	 3390	 1547	1301	-24	 249.26	 -2	-7 	0
2025-11-03 21:37:35	 3425	 1494	1183	-24	 207.07	 -4	-3 	0
2025-11-03 21:37:36	 3460	 1356	1120	-24	 185.98	 -1	-1 	0
2025-11-03 21:37:37	 3495	 1307	1083	-24	 265.08	 -1	-1 	0
2025-11-03 21:37:39	 3551	 1263	1051	-24	 210.59	 -6	-4 	0
2025-11-03 21:37:40	 3586	 1155	994	0	 261.56	 -1	-1 	0
2025-11-03 21:37:43	 3713	 1161	968	8	 326.60	 3	-4 	0
2025-11-03 21:37:44	 3748	 1340	859	8	 328.36	 2	-2 	0
2025-11-03 21:37:45	 3783	 1365	839	8	 333.63	 1	-1 	0
2025-11-03 21:37:46	 3818	 1529	709	8	 270.35	 3	-8 	0
2025-11-03 21:37:47	 3853	 1564	426	8	 261.56	 -1	-9 	0
2025-11-03 21:37:48	 3888	 1556	317	8	 208.83	 -1	-1 	0
2025-11-03 21:37:49	 3923	 1574	315	8	 189.49	 0	0 	0
2025-11-03 21:37:52	 4025	 1348	276	0	 189.49	 -14	-3 	0
2025-11-03 21:37:53	 4060	 1120	236	0	 103.36	 0	-1 	0
2025-11-03 21:37:55	 4116	 1122	423	40	 87.54	 0	3 	0
2025-11-03 21:37:56	 4151	 1122	459	40	 50.62	 0	0 	0
2025-11-03 21:38:00	 4285	 1120	446	40	 171.91	 0	-1 	0
2025-11-03 21:38:01	 4320	 1120	475	40	 189.49	 0	0 	0
2025-11-03 21:38:02	 4355	 1099	471	40	 219.38	 -1	-1 	2
2025-11-03 21:38:03	 4400	 1098	438	40	 254.53	 0	-1 	2
2025-11-03 21:38:04	 4435	 1071	424	40	 277.38	 0	-1 	0
2025-11-03 21:38:05	 4470	 1016	377	40	 254.53	 0	-2 	0
2025-11-03 21:38:06	 4505	 1020	331	40	 279.14	 0	-3 	0
2025-11-03 21:38:07	 4553	 1029	312	40	 279.14	 0	0 	0
2025-11-03 21:38:11	 4703	 1047	385	40	 96.33	 0	1 	0
2025-11-03 21:38:12	 4738	 1051	380	40	 87.54	 0	-1 	0
2025-11-03 21:38:14	 4781	 1054	447	40	 87.54	 0	6 	0
2025-11-03 21:38:15	 4816	 1057	517	48	 87.54	 -1	-6 	0
2025-11-03 21:38:16	 4851	 1052	401	40	 156.09	 -1	-1 	0
2025-11-03 21:38:17	 4886	 1017	411	40	 91.05	 -1	0 	0
2025-11-03 21:38:18	 4936	 1038	492	40	 73.48	 2	6 	0
2025-11-03 21:38:19	 4971	 1058	609	34	 96.33	 -1	6 	0
2025-11-03 21:38:20	 5006	 1104	809	8	 22.50	 5	5 	0
2025-11-03 21:38:21	 5041	 1268	854	8	 345.59	 1	-1 	0
2025-11-03 21:38:22	 5076	 1406	854	8	 322.73	 2	0 	0
2025-11-03 21:38:23	 5111	 1427	854	8	 241.88	 0	0 	0
2025-11-03 21:38:26	 5224	 1293	811	8	 220.78	 -2	-1 	0
2025-11-03 21:38:27	 5259	 1226	762	8	 220.78	 -2	-2 	0
2025-11-03 21:38:30	 5336	 1208	746	8	 120.59	 -1	0 	0
2025-11-03 21:38:31	 5371	 1188	785	8	 87.19	 0	2 	0
2025-11-03 21:38:32	 5406	 1191	915	8	 69.61	 -1	0 	0
2025-11-03 21:38:33	 5466	 1197	888	8	 106.52	 1	-4 	0
2025-11-03 21:38:34	 5501	 1223	794	8	 99.49	 0	-1 	0
2025-11-03 21:38:35	 5536	 1218	828	8	 99.49	 -1	1 	0
2025-11-03 21:38:36	 5571	 1219	865	8	 80.16	 0	4 	0
2025-11-03 21:38:37	 5606	 1237	970	8	 134.65	 0	0 	0
2025-11-03 21:38:38	 5641	 1114	1051	-24	 157.50	 -3	1 	0
2025-11-03 21:38:39	 5676	 1090	1066	-24	 194.41	 -1	0 	0
2025-11-03 21:38:41	 5740	 1151	922	8	 329.77	 0	-3 	0
2025-11-03 21:38:42	 5775	 1218	896	8	 357.89	 4	-1 	0
2025-11-03 21:38:43	 5810	 1427	811	8	 342.07	 7	-4 	0
2025-11-03 21:38:44	 5845	 1583	679	8	 262.97	 -1	-6 	0
2025-11-03 21:38:45	 5880	 1521	440	8	 282.30	 -1	-5 	0
2025-11-03 21:38:46	 5915	 1544	248	8	 241.88	 -1	-4 	0
2025-11-03 21:38:47	 5950	 1581	278	8	 208.48	 1	2 	0
2025-11-03 21:38:48	 5985	 1567	284	8	 224.30	 -4	-4 	0
2025-11-03 21:38:49	 6020	 1575	293	8	 201.45	 1	1 	0
2025-11-03 21:38:50	 6061	 1389	270	0	 189.14	 -14	-3 	0
2025-11-03 21:38:51	 6096	 1120	223	0	 285.82	 0	-1 	0
2025-11-03 21:38:53	 6140	 1271	185	0	 357.89	 7	-1 	0
2025-11-03 21:38:54	 6183	 1297	169	0	 112.15	 -2	4 	0
2025-11-03 21:38:55	 6218	 1168	357	-32	 201.80	 -1	3 	0
2025-11-03 21:38:56	 6253	 1172	361	-32	 263.32	 0	5 	0
2025-11-03 21:38:57	 6288	 1188	447	-32	 300.23	 -2	0 	0
2025-11-03 21:38:58	 6323	 1242	455	-32	 31.64	 5	2 	0
2025-11-03 21:38:59	 6358	 1337	553	-32	 124.80	 -2	5 	0
2025-11-03 21:39:00	 6393	 1040	698	-8	 77.34	 0	3 	0
2025-11-03 21:39:01	 6428	 1049	743	0	 50.98	 3	4 	0
2025-11-03 21:39:02	 6463	 1238	790	8	 0.00	 13	0 	0
2025-11-03 21:39:03	 6498	 1583	663	8	 301.99	 0	-10 	0
2025-11-03 21:39:04	 6533	 1583	418	8	 243.98	 0	-2 	0
2025-11-03 21:39:05	 6568	 1488	342	8	 212.34	 -11	-7 	0
2025-11-03 21:39:07	 6631	 1120	156	0	 108.63	 -1	2 	0
2025-11-03 21:39:08	 6666	 1120	335	16	 85.78	 0	6 	0
2025-11-03 21:39:09	 6701	 1156	487	48	 66.45	 2	0 	0
2025-11-03 21:39:10	 6736	 1179	487	48	 103.36	 0	0 	0
2025-11-03 21:39:20	 7093	 1177	528	48	 92.81	 0	-4 	0
2025-11-03 21:39:21	 7128	 1177	525	48	 92.81	 -1	1 	0
2025-11-03 21:39:22	 7163	 1176	545	48	 75.23	 -1	0 	0
2025-11-03 21:39:25	 7281	 1177	544	48	 122.70	 -3	3 	0
2025-11-03 21:39:26	 7316	 1161	659	-24	 57.66	 -1	1 	0
2025-11-03 21:39:27	 7351	 1135	721	0	 157.85	 -2	2 	0
2025-11-03 21:39:28	 7386	 1086	766	8	 147.30	 -5	3 	0
2025-11-03 21:39:29	 7421	 896	840	8	 175.43	 -6	0 	0
2025-11-03 21:39:30	 7456	 804	847	8	 272.11	 -1	0 	0
2025-11-03 21:39:32	 7517	 904	824	8	 0.00	 7	-1 	0
2025-11-03 21:39:33	 7552	 1005	816	8	 21.09	 2	0 	0
2025-11-03 21:39:34	 7587	 1036	826	8	 61.52	 0	0 	0
2025-11-03 21:39:35	 7622	 1056	847	8	 54.49	 0	0 	0
2025-11-03 21:39:55	 8321	 1214	841	8	 0.00	 7	-1 	0
2025-11-03 21:39:56	 8356	 1433	855	8	 58.01	 3	3 	0
2025-11-03 21:39:57	 8391	 1557	967	8	 314.30	 0	0 	0
2025-11-03 21:39:58	 8441	 1508	902	8	 277.38	 -2	-5 	1
2025-11-03 21:39:59	 8476	 1533	653	8	 284.41	 1	-8 	0
2025-11-03 21:40:00	 8511	 1578	435	8	 212.34	 -2	-4 	0
2025-11-03 21:40:01	 8546	 1392	240	-40	 208.83	 -2	-6 	0
2025-11-03 21:40:02	 8581	 1392	179	-40	 108.63	 -1	3 	0
2025-11-03 21:40:03	 8616	 1392	565	-40	 105.12	 -1	14 	0
2025-11-03 21:40:04	 8651	 1231	628	-26	 249.26	 -1	-11 	0
2025-11-03 21:40:05	 8686	 1040	772	8	 78.75	 0	11 	0
2025-11-03 21:40:06	 8721	 1086	870	8	 24.26	 4	2 	0
2025-11-03 21:40:07	 8756	 1225	1015	16	 84.02	 1	3 	0
2025-11-03 21:40:08	 8791	 1319	1127	-24	 4.92	 5	0 	0
2025-11-03 21:40:09	 8826	 1571	1371	-24	 89.30	 1	7 	0
2025-11-03 21:40:10	 8861	 1583	1444	-24	 331.52	 0	0 	0
2025-11-03 21:40:11	 8896	 1583	1363	-24	 306.91	 0	-2 	0
2025-11-03 21:40:12	 8931	 1619	1315	-16	 335.04	 4	-3 	0
2025-11-03 21:40:13	 8966	 1775	1232	-40	 280.55	 0	0 	0
2025-11-03 21:40:15	 9022	 1783	1281	-40	 255.94	 -1	0 	0
2025-11-03 21:40:19	 9166	 1739	1163	-40	 271.76	 -2	-8 	0
2025-11-03 21:40:20	 9201	 1728	964	-40	 336.80	 0	-2 	0
2025-11-03 21:40:21	 9236	 1876	916	-40	 62.93	 1	-1 	0
2025-11-03 21:40:22	 9271	 1905	939	-40	 87.54	 0	0 	0
2025-11-03 21:40:23	 9316	 1913	994	-40	 64.69	 1	6 	0
2025-11-03 21:40:24	 9351	 1917	1167	-40	 173.67	 -2	0 	0
2025-11-03 21:40:25	 9386	 1889	1136	-40	 296.72	 0	0 	0
2025-11-03 21:40:27	 9438	 1983	1152	-40	 305.51	 0	-1 	0
2025-11-03 21:40:28	 9473	 1924	972	-40	 222.89	 -5	-7 	0
2025-11-03 21:40:29	 9508	 1724	911	-40	 143.79	 -7	2 	0
2025-11-03 21:40:30	 9543	 1675	984	-40	 34.80	 4	2 	0
2025-11-03 21:40:31	 9578	 1823	1103	-40	 69.96	 0	4 	0
2025-11-03 21:40:32	 9613	 1795	1048	-40	 92.81	 -1	-3 	0
2025-11-03 21:40:33	 9648	 1758	1145	-40	 80.51	 -1	1 	0
2025-11-03 21:40:34	 9683	 1771	1272	-40	 124.45	 -2	6 	0
2025-11-03 21:40:35	 9718	 1603	1378	-16	 163.12	 -8	1 	0
2025-11-03 21:40:36	 9753	 1488	1429	-24	 198.28	 0	0 	0
2025-11-03 21:40:37	 9788	 1488	1429	-24	 112.15	 -1	3 	0
2025-11-03 21:40:38	 9823	 1485	1575	-24	 91.05	 -1	0 	0
2025-11-03 21:40:39	 9872	 1547	1562	-24	 122.70	 -2	2 	0
2025-11-03 21:40:40	 9907	 1371	1871	-24	 156.09	 -3	0 	0
2025-11-03 21:40:41	 9942	 1238	1776	-24	 200.04	 -7	-5 	0
2025-11-03 21:40:42	 9977	 1114	1767	-24	 263.32	 -2	0 	0
2025-11-03 21:40:44	 10031	 1099	1776	-24	 270.35	 -1	0 	0
2025-11-03 21:40:46	 10118	 1130	1776	-24	 352.97	 5	-1 	0
2025-11-03 21:40:47	 10153	 1263	1760	-24	 328.36	 0	-1 	0
2025-11-03 21:40:48	 10188	 1263	1767	-24	 345.94	 0	-1 	0
2025-11-03 21:40:49	 10223	 1294	1800	-24	 356.48	 5	1 	8
2025-11-03 21:40:50	 10258	 1516	1717	-24	 286.17	 4	-7 	0
2025-11-03 21:40:51	 10293	 1540	1527	-24	 200.04	 -1	-2 	0
2025-11-03 21:40:52	 10328	 1488	1395	-24	 222.89	 -1	-5 	0
2025-11-03 21:40:53	 10363	 1360	1296	-24	 140.27	 -1	1 	0
2025-11-03 21:40:54	 10398	 1394	1383	-24	 17.23	 4	0 	0
2025-11-03 21:40:55	 10433	 1583	1446	-24	 82.27	 0	2 	0
2025-11-03 21:40:56	 10468	 1559	1669	-24	 105.12	 -2	7 	0
2025-11-03 21:41:39	 11972	 1527	1743	-24	 106.88	 -2	2 	0
2025-11-03 21:41:40	 12007	 1440	1797	-24	 170.16	 -7	1 	0
2025-11-03 21:41:41	 12042	 1215	1822	-24	 182.46	 -4	0 	0
2025-11-03 21:41:42	 12077	 1073	1743	-16	 217.62	 -7	-5 	0
2025-11-03 21:41:43	 12112	 856	1560	32	 261.56	 -5	-7 	0
2025-11-03 21:41:44	 12147	 884	1480	40	 349.45	 2	-1 	0
2025-11-03 21:41:45	 12182	 1109	1496	40	 17.58	 7	1 	0
2025-11-03 21:41:46	 12217	 1279	1540	40	 312.54	 0	-2 	0
2025-11-03 21:41:47	 12252	 1229	1465	40	 193.01	 -6	-3 	0
2025-11-03 21:41:48	 12287	 1153	1531	40	 99.84	 -2	6 	0
2025-11-03 21:41:49	 12322	 1107	1699	0	 196.52	 -3	0 	0
2025-11-03 21:41:50	 12357	 882	1669	0	 228.16	 -8	-4 	0
2025-11-03 21:41:51	 12392	 904	1498	40	 337.15	 5	-5 	0
2025-11-03 21:41:52	 12427	 1005	1480	40	 265.08	 0	0 	0
2025-11-03 21:41:53	 12462	 1003	1402	48	 330.12	 1	-2 	0
2025-11-03 21:41:54	 12497	 1173	1304	48	 296.72	 2	0 	0
2025-11-03 21:41:55	 12532	 1226	1325	48	 187.73	 -1	0 	0
2025-11-03 21:41:56	 12567	 1019	1305	48	 171.91	 -9	-1 	0
2025-11-03 21:41:57	 12602	 773	1334	48	 205.31	 -3	0 	0
2025-11-03 21:41:58	 12637	 759	1304	48	 289.69	 0	0 	0
2025-11-03 21:41:59	 12672	 776	1304	48	 277.38	 0	0 	0
2025-11-03 21:42:00	 12707	 790	1216	48	 277.38	 0	0 	0
2025-11-03 21:42:03	 12795	 823	1359	48	 13.71	 2	3 	0
2025-11-03 21:42:04	 12830	 961	1399	48	 71.72	 0	0 	0
2025-11-03 21:42:05	 12875	 969	1399	48	 120.94	 -2	0 	0
2025-11-03 21:42:06	 12910	 973	1374	48	 68.20	 2	4 	0
2025-11-03 21:42:07	 12945	 970	1622	31	 117.42	 -3	7 	0
2025-11-03 21:42:08	 12980	 890	1821	-24	 182.46	 -2	2 	0
2025-11-03 21:42:09	 13015	 839	1840	-24	 182.46	 -1	0 	0
2025-11-03 21:42:10	 13050	 760	1837	-24	 187.73	 -7	-1 	0
2025-11-03 21:42:11	 13085	 612	1797	-24	 236.95	 -1	-1 	0
2025-11-03 21:42:12	 13120	 587	1766	-24	 236.95	 -4	-5 	0
2025-11-03 21:42:13	 13155	 535	1685	-24	 273.87	 -1	-1 	0
2025-11-03 21:42:15	 13210	 539	1600	-24	 273.87	 0	-8 	0
2025-11-03 21:42:16	 13245	 514	1332	-24	 273.87	 -1	-9 	0
2025-11-03 21:42:17	 13280	 525	1189	-24	 335.39	 0	-1 	0
2025-11-03 21:42:18	 13315	 649	1130	-24	 347.70	 7	-3 	0
2025-11-03 21:42:19	 13350	 854	1067	-24	 296.72	 1	-1 	0
2025-11-03 21:42:20	 13385	 895	1011	-16	 277.38	 0	-1 	0
2025-11-03 21:42:21	 13420	 889	958	-16	 328.36	 -1	-1 	0
2025-11-03 21:42:22	 13458	 926	914	-16	 317.81	 3	-4 	0
2025-11-03 21:42:23	 13493	 971	935	-16	 70.31	 2	5 	0
2025-11-03 21:42:24	 13528	 991	1042	-24	 142.38	 -3	2 	0
2025-11-03 21:42:25	 13563	 812	1127	-24	 165.23	 -6	0 	0
2025-11-03 21:42:26	 13598	 586	1143	-24	 140.62	 -8	2 	0
2025-11-03 21:42:27	 13633	 499	1355	-24	 63.28	 2	7 	0
2025-11-03 21:42:28	 13668	 532	1631	-24	 66.80	 0	8 	0
2025-11-03 21:42:29	 13703	 492	1743	-24	 303.75	 -5	2 	0
2025-11-03 21:42:30	 13738	 475	1634	-24	 275.62	 0	-8 	0
2025-11-03 21:42:31	 13773	 503	1358	-24	 275.62	 0	-7 	0
2025-11-03 21:42:32	 13808	 575	1149	-24	 303.75	 4	-7 	0
2025-11-03 21:42:33	 13843	 732	1032	-24	 342.42	 5	-1 	0
2025-11-03 21:42:34	 13878	 884	1031	-16	 293.20	 1	-2 	0
2025-11-03 21:42:35	 13913	 895	912	-16	 184.22	 -1	-1 	0
2025-11-03 21:42:50	 14468	 873	908	-18	 164.88	 -5	0 	0
2025-11-03 21:42:51	 14503	 645	892	-24	 254.53	 -6	-6 	0
2025-11-03 21:42:52	 14538	 588	814	-24	 10.55	 -1	-1 	0
2025-11-03 21:42:53	 14573	 570	797	-24	 10.55	 -1	-1 	0
2025-11-03 21:42:56	 14654	 619	821	-24	 29.88	 5	3 	0
2025-11-03 21:42:57	 14689	 735	895	-24	 296.72	 0	0 	0
2025-11-03 21:42:58	 14738	 680	852	-24	 231.68	 -4	-3 	0
2025-11-03 21:42:59	 14773	 649	811	-24	 282.66	 0	-5 	0
2025-11-03 21:43:00	 14808	 678	754	-24	 5.27	 4	0 	0
2025-11-03 21:43:01	 14846	 672	753	-24	 314.30	 -2	-1 	0
2025-11-03 21:43:04	 14951	 658	758	-24	 113.91	 -2	2 	0
2025-11-03 21:43:05	 14986	 607	874	-24	 143.79	 -1	0 	0
2025-11-03 21:43:07	 15037	 593	850	-24	 251.02	 -2	-6 	0
2025-11-03 21:43:08	 15072	 548	712	-96	 207.07	 -1	0 	0
2025-11-03 21:43:09	 15107	 559	743	-96	 207.07	 0	0 	0
2025-11-03 21:43:11	 15191	 455	639	-96	 254.53	 -4	-4 	0
2025-11-03 21:43:12	 15226	 414	600	-96	 352.97	 -1	-1 	0
2025-11-03 21:43:14	 15283	 436	600	-96	 1.76	 0	0 	0
2025-11-03 21:43:15	 15326	 550	604	-96	 1.76	 7	0 	0
2025-11-03 21:43:16	 15361	 830	575	-96	 356.48	 8	-2 	0
2025-11-03 21:43:17	 15396	 940	647	-88	 117.77	 -1	0 	0
2025-11-03 21:43:18	 15431	 892	631	-88	 202.15	 -6	-3 	0
2025-11-03 21:43:19	 15466	 631	581	-96	 182.81	 -9	-1 	0
2025-11-03 21:43:20	 15501	 443	574	-96	 121.29	 -3	2 	0
2025-11-03 21:43:21	 15536	 404	635	-96	 73.83	 0	3 	0
2025-11-03 21:43:22	 15571	 435	743	-88	 94.92	 0	0 	0
2025-11-03 21:43:24	 15642	 400	805	-88	 145.90	 0	1 	0
2025-11-03 21:43:25	 15683	 392	816	-88	 188.09	 -4	-1 	0
2025-11-03 21:43:26	 15718	 275	812	-88	 138.87	 -2	0 	0
2025-11-03 21:43:27	 15753	 252	826	-88	 123.05	 -2	2 	0
2025-11-03 21:43:28	 15788	 181	907	-96	 91.41	 -1	0 	0
2025-11-03 21:43:29	 15826	 145	817	-88	 91.41	 0	-7 	0
2025-11-03 21:43:31	 15896	 152	867	-88	 84.38	 0	6 	0
2025-11-03 21:43:32	 15931	 168	1134	-88	 59.77	 1	7 	0
2025-11-03 21:43:33	 15966	 221	1359	-88	 142.38	 -3	0 	0
2025-11-03 21:43:34	 16001	 144	1333	-88	 261.91	 0	-1 	0
2025-11-03 21:43:35	 16036	 144	1291	-88	 261.91	 -1	-1 	0
2025-11-03 21:43:37	 16108	 144	1210	-88	 267.19	 -1	-7 	0
2025-11-03 21:43:38	 16143	 158	988	-88	 335.74	 0	-3 	0
2025-11-03 21:43:39	 16178	 182	1006	-96	 68.91	 2	5 	0
2025-11-03 21:43:40	 16213	 239	1222	-88	 24.96	 0	1 	0
2025-11-03 21:43:41	 16252	 239	1239	-88	 9.14	 0	0 	0
2025-11-03 21:43:42	 16287	 444	1280	-16	 49.57	 5	1 	0
2025-11-03 21:43:43	 16322	 506	1334	-24	 93.52	 -1	5 	0
2025-11-03 21:43:44	 16357	 503	1432	-24	 39.02	 0	0 	0
2025-11-03 21:43:45	 16392	 564	1485	-16	 39.02	 0	0 	0
2025-11-03 21:43:48	 16474	 622	1534	-16	 58.36	 3	2 	0
2025-11-03 21:43:49	 16509	 655	1562	-16	 86.48	 0	0 	0
2025-11-03 21:43:50	 16553	 662	1673	-16	 84.73	 -1	-2 	0
2025-11-03 21:43:51	 16588	 660	1647	-16	 355.08	 -1	-1 	0
2025-11-03 21:43:52	 16623	 747	1534	-16	 232.03	 -2	-4 	0
2025-11-03 21:43:53	 16658	 596	1519	-16	 133.59	 -6	4 	0
2025-11-03 21:43:54	 16693	 473	1743	-24	 40.43	 2	6 	0
2025-11-03 21:43:55	 16728	 621	1816	-24	 0.00	 7	0 	0
2025-11-03 21:43:56	 16763	 903	1819	-24	 337.15	 8	-2 	0
2025-11-03 21:43:57	 16798	 1053	1640	0	 251.02	 -1	-1 	0
2025-11-03 21:43:58	 16833	 905	1599	16	 242.23	 -6	-5 	0
2025-11-03 21:43:59	 16868	 851	1482	40	 345.94	 0	-1 	0
2025-11-03 21:44:00	 16903	 1035	1480	40	 316.05	 4	-1 	0
2025-11-03 21:44:01	 16938	 1080	1480	40	 193.01	 -2	-1 	0
2025-11-03 21:44:02	 16973	 959	1480	40	 275.62	 -1	0 	0
2025-11-03 21:44:03	 17008	 1007	1443	48	 277.38	 1	-4 	0
2025-11-03 21:44:04	 17043	 974	1382	48	 164.88	 -1	-1 	0
2025-11-03 21:44:05	 17078	 819	1374	48	 200.04	 -7	-3 	0
2025-11-03 21:44:08	 17185	 727	1348	48	 1.76	 3	0 	0
2025-11-03 21:44:09	 17220	 809	1352	48	 24.61	 1	0 	0
2025-11-03 21:44:10	 17255	 955	1399	48	 40.43	 4	0 	0
2025-11-03 21:44:11	 17290	 1013	1399	48	 84.38	 0	0 	0
2025-11-03 21:44:32	 18022	 980	1374	48	 203.91	 -1	-1 	0
2025-11-03 21:44:36	 18169	 937	1363	48	 191.60	 -6	-2 	0
2025-11-03 21:44:37	 18204	 794	1333	48	 270.70	 -1	-1 	0
2025-11-03 21:44:38	 18239	 736	1414	48	 346.29	 2	-1 	0
2025-11-03 21:44:39	 18274	 932	1372	48	 40.78	 2	-1 	0
2025-11-03 21:44:40	 18309	 1007	1454	48	 77.70	 0	2 	0
2025-11-03 21:44:41	 18344	 1084	1654	38	 88.24	 3	7 	0
2025-11-03 21:44:42	 18379	 1112	1871	-24	 132.19	 -3	0 	0
2025-11-03 21:44:43	 18414	 910	1954	0	 167.34	 -8	3 	13
2025-11-03 21:44:45	 18470	 868	1991	0	 21.45	 4	1 	13
2025-11-03 21:44:46	 18505	 1063	2017	0	 349.80	 7	-2 	13
2025-11-03 21:44:47	 18540	 1263	1940	0	 270.70	 0	-5 	13
2025-11-03 21:44:48	 18575	 1263	1915	16	 216.21	 0	0 	13
2025-11-03 21:44:49	 18610	 1129	1867	7	 275.98	 -3	-2 	0
2025-11-03 21:44:50	 18645	 1117	1849	-24	 0.35	 4	-1 	0
2025-11-03 21:44:51	 18680	 1438	1744	-24	 232.03	 2	-12 	0
2025-11-03 21:44:52	 18715	 1575	1519	-24	 267.19	 3	-14 	0
2025-11-03 21:44:53	 18750	 1511	1087	-24	 212.70	 -6	-6 	0
2025-11-03 21:44:54	 18785	 1365	1127	-24	 193.36	 -9	-4 	0
2025-11-03 21:44:55	 18820	 1064	1052	-24	 161.72	 -4	-1 	0
2025-11-03 21:44:56	 18855	 944	1078	-24	 168.75	 -3	0 	0
2025-11-03 21:44:57	 18890	 760	1117	-24	 168.75	 -5	0 	0
2025-11-03 21:44:58	 18925	 647	1147	-24	 131.84	 -9	4 	0
2025-11-03 21:44:59	 18960	 313	1359	-72	 3.52	 0	0 	0
2025-11-03 21:45:00	 18995	 489	1212	-24	 338.91	 3	-5 	0
2025-11-03 21:45:01	 19030	 529	1164	-24	 101.95	 0	-1 	0
2025-11-03 21:45:02	 19065	 293	1300	-88	 163.48	 -12	6 	0
2025-11-03 21:45:03	 19100	 172	1355	-88	 249.61	 -1	0 	0
2025-11-03 21:45:04	 19142	 173	1295	-88	 274.22	 0	-7 	0
2025-11-03 21:45:05	 19177	 179	1210	-96	 28.48	 0	-1 	0
2025-11-03 21:45:08	 19271	 257	1237	-88	 12.66	 6	2 	12
2025-11-03 21:45:09	 19306	 510	1182	-24	 314.65	 7	-5 	0
2025-11-03 21:45:10	 19341	 770	1058	-24	 335.74	 7	-3 	0
2025-11-03 21:45:11	 19376	 884	994	-16	 219.73	 -2	-3 	0
2025-11-03 21:45:12	 19411	 827	921	-24	 189.84	 -5	-2 	0
2025-11-03 21:45:13	 19446	 726	904	-24	 258.40	 -1	0 	0
2025-11-03 21:45:15	 19512	 648	918	-24	 168.75	 -7	1 	0
2025-11-03 21:45:16	 19547	 532	935	-96	 175.78	 -1	0 	0
2025-11-03 21:45:17	 19596	 492	925	-88	 196.88	 -3	-1 	0
2025-11-03 21:45:18	 19631	 407	863	-96	 256.64	 -2	-2 	0
2025-11-03 21:45:19	 19666	 403	792	-88	 277.73	 0	0 	0
2025-11-03 21:45:20	 19707	 416	699	-96	 325.20	 0	-2 	0
2025-11-03 21:45:21	 19743	 422	683	-96	 330.47	 2	-2 	0
2025-11-03 21:45:22	 19778	 528	624	-96	 7.38	 0	-1 	0
2025-11-03 21:45:23	 19822	 572	620	-96	 358.59	 5	-1 	0
2025-11-03 21:45:24	 19857	 826	561	-96	 5.62	 7	-2 	0
2025-11-03 21:45:25	 19892	 917	547	-88	 102.30	 0	-1 	0
2025-11-03 21:45:26	 19927	 783	647	-88	 184.92	 -7	-1 	0
2025-11-03 21:45:27	 19962	 520	582	-96	 198.98	 -9	-3 	0
2025-11-03 21:45:28	 19997	 378	540	-88	 123.40	 -7	3 	0
2025-11-03 21:45:29	 20032	 336	662	-88	 51.33	 0	1 	0
2025-11-03 21:45:30	 20067	 444	743	-88	 84.73	 1	0 	0
2025-11-03 21:45:32	 20114	 400	786	-88	 105.82	 -1	3 	0
2025-11-03 21:45:33	 20149	 283	977	-88	 121.64	 -5	6 	0
2025-11-03 21:45:34	 20184	 177	1089	-96	 88.24	 -1	7 	0
2025-11-03 21:45:35	 20219	 173	1325	-88	 47.81	 0	2 	0
2025-11-03 21:45:36	 20254	 215	1322	-88	 330.47	 5	-4 	0
2025-11-03 21:45:37	 20289	 453	1267	-16	 31.99	 3	-1 	0
2025-11-03 21:45:38	 20324	 559	1408	-24	 67.15	 0	3 	0
2025-11-03 21:45:39	 20359	 637	1542	-16	 46.05	 2	1 	0
2025-11-03 21:45:40	 20394	 710	1586	-16	 14.41	 5	2 	0
2025-11-03 21:47:14	 492	 1983	3488	0	 24.61	 0	0 	0
2025-11-03 21:47:22	 749	 2063	3528	0	 15.82	 0	1 	0
2025-11-03 21:48:02	 2148	 2063	3539	0	 356.48	 0	-1 	0
2025-11-03 22:05:22	 2183	 1978	3542	0	 356.48	 0	-1 	0
2025-11-03 22:05:23	 2218	 2063	3534	0	 356.48	 0	-1 	0
2025-11-03 22:05:24	 2255	 2103	3531	0	 331.88	 0	-1 	0
2025-11-03 22:05:25	 2300	 2117	3524	0	 331.88	 0	-1 	0
2025-11-03 22:05:26	 2335	 2072	3549	0	 331.88	 -2	0 	0
2025-11-03 22:05:27	 2370	 1914	3551	0	 331.88	 -7	0 	0
2025-11-03 22:05:28	 2410	 1878	3551	0	 286.17	 -1	0 	0
2025-11-03 22:05:30	 2454	 1975	3551	0	 340.66	 2	0 	0
2025-11-03 22:05:31	 2489	 2063	3522	0	 344.18	 0	-1 	0
2025-11-03 22:05:33	 2561	 2046	3519	0	 344.18	 -5	1 	0
2025-11-03 22:05:35	 2631	 1876	3551	0	 7.03	 2	0 	0
2025-11-03 22:05:36	 2666	 2063	3547	0	 351.21	 0	-1 	0
2025-11-03 22:05:38	 2740	 1973	3551	0	 347.70	 -6	0 	0
2025-11-03 22:05:41	 2863	 1879	3551	0	 352.97	 3	-1 	0
2025-11-03 22:05:42	 2898	 2063	3530	0	 0.00	 0	-1 	0
2025-11-03 22:05:44	 2951	 2248	3495	-35	 307.27	 7	-2 	0
2025-11-03 22:05:45	 2986	 2377	3296	-64	 238.71	 -1	-1 	0
2025-11-03 22:05:46	 3021	 2308	3282	-64	 286.17	 -1	-5 	0
2025-11-03 22:05:47	 3056	 2427	3216	-40	 342.42	 6	-1 	0
2025-11-03 22:05:48	 3091	 2603	3227	0	 89.65	 1	0 	0
2025-11-03 22:05:49	 3126	 2614	3244	0	 89.65	 0	0 	0
2025-11-03 22:05:50	 3163	 2615	3320	0	 98.44	 0	0 	0
2025-11-03 22:05:51	 3198	 2605	3403	0	 82.62	 -1	6 	0
2025-11-03 22:05:52	 3233	 2574	3644	0	 170.51	 -3	3 	0
2025-11-03 22:05:53	 3268	 2547	3683	0	 182.81	 -1	0 	0
2025-11-03 22:05:56	 3367	 2397	3690	0	 177.54	 -8	0 	0
2025-11-03 22:05:57	 3402	 2112	3678	0	 202.15	 -9	-2 	0
2025-11-03 22:05:58	 3437	 1984	3695	0	 325.20	 0	2 	0
2025-11-03 22:05:59	 3472	 2166	3664	0	 358.59	 6	-1 	0
2025-11-03 22:06:00	 3507	 2437	3702	0	 5.62	 7	2 	0
2025-11-03 22:06:01	 3542	 2612	3691	0	 270.70	 0	-2 	0
2025-11-03 22:06:02	 3577	 2624	3490	0	 270.70	 0	-4 	0
2025-11-03 22:06:03	 3612	 2625	3381	0	 270.70	 0	-8 	0
2025-11-03 22:06:04	 3647	 2549	3163	0	 163.48	 -2	-3 	0
2025-11-03 22:06:05	 3682	 2529	3142	0	 73.83	 -1	-1 	0
2025-11-03 22:06:06	 3717	 2599	3325	0	 101.95	 0	7 	0
2025-11-03 22:06:07	 3752	 2566	3607	0	 108.98	 -2	8 	0
2025-11-03 22:06:08	 3787	 2448	3734	0	 184.57	 -3	0 	0
2025-11-03 22:06:09	 3822	 2420	3740	0	 184.57	 -1	0 	0
2025-11-03 22:06:18	 4147	 2380	3689	0	 235.55	 -4	-5 	0
2025-11-03 22:06:19	 4182	 2349	3661	-8	 251.37	 -2	-2 	0
2025-11-03 22:06:20	 4223	 2332	3581	-8	 251.37	 -1	-3 	0
2025-11-03 22:06:21	 4258	 2325	3555	0	 251.37	 -1	-1 	0
2025-11-03 22:06:22	 4302	 2271	3395	-64	 251.37	 -3	-8 	0
2025-11-03 22:06:23	 4337	 2224	3253	-64	 284.77	 -1	-1 	0
2025-11-03 22:06:24	 4372	 2238	3187	-64	 284.77	 0	-1 	0
2025-11-03 22:06:25	 4407	 2210	3291	-64	 284.77	 -2	6 	0
2025-11-03 22:06:26	 4442	 2192	3357	-64	 339.26	 -1	0 	0
2025-11-03 22:06:30	 4548	 2274	3423	-64	 21.45	 6	3 	0
2025-11-03 22:06:31	 4583	 2448	3525	-64	 118.12	 1	0 	0
2025-11-03 22:06:32	 4618	 2394	3510	-64	 151.52	 -7	1 	0
2025-11-03 22:06:33	 4653	 2303	3513	-64	 133.95	 -6	1 	0
2025-11-03 22:06:34	 4688	 2150	3615	-64	 202.50	 -2	0 	0
2025-11-03 22:06:35	 4727	 2148	3610	-64	 332.58	 3	-2 	0
2025-11-03 22:06:36	 4762	 2327	3452	-64	 276.33	 3	-8 	0
2025-11-03 22:06:37	 4797	 2336	3296	-64	 274.57	 -1	-1 	0
2025-11-03 22:06:38	 4832	 2366	3216	-56	 313.24	 3	-1 	0
2025-11-03 22:06:39	 4867	 2518	3204	0	 355.43	 2	-1 	0
2025-11-03 22:06:40	 4902	 2621	3227	0	 71.02	 2	3 	0
2025-11-03 22:06:41	 4937	 2658	3299	0	 55.20	 0	0 	0
2025-11-03 22:06:42	 4972	 2702	3321	0	 346.64	 1	0 	0
2025-11-03 22:06:43	 5014	 2718	3325	0	 313.24	 1	-2 	3
2025-11-03 22:06:44	 5049	 2780	3312	96	 315.00	 0	0 	0
2025-11-03 22:06:45	 5084	 2886	3193	96	 318.52	 2	-3 	0
2025-11-03 22:06:46	 5119	 2909	3166	96	 20.04	 0	-1 	0
2025-11-03 22:06:47	 5162	 2938	3345	96	 79.80	 -1	5 	0
2025-11-03 22:06:48	 5197	 2926	3404	96	 83.32	 -1	0 	0
2025-11-03 22:06:49	 5232	 2920	3436	96	 118.48	 -1	1 	0
2025-11-03 22:06:50	 5267	 2908	3462	96	 118.48	 -1	0 	0
2025-11-03 22:06:51	 5317	 2902	3543	96	 34.10	 -1	1 	0
2025-11-03 22:06:52	 5352	 2991	3599	96	 18.28	 1	0 	0
2025-11-03 22:06:53	 5387	 3007	3603	96	 292.15	 1	-3 	0
2025-11-03 22:06:54	 5422	 3033	3531	96	 239.41	 1	4 	0
2025-11-03 22:06:55	 5457	 2935	3450	96	 228.87	 -6	-6 	0
2025-11-03 22:06:56	 5492	 2828	3258	96	 332.58	 -1	-2 	0
2025-11-03 22:07:01	 5655	 2865	3395	96	 118.48	 -3	10 	0
2025-11-03 22:07:02	 5690	 2844	3493	96	 9.49	 0	0 	0
2025-11-03 22:07:05	 5807	 2972	3330	96	 269.30	 1	-4 	0
2025-11-03 22:07:06	 5842	 2983	3296	96	 4.22	 0	-1 	0
2025-11-03 22:07:10	 5948	 3138	3327	96	 7.73	 7	1 	0
2025-11-03 22:07:11	 5983	 3296	3342	91	 358.95	 6	-1 	0
2025-11-03 22:07:12	 6018	 3572	3339	32	 358.95	 8	-1 	0
2025-11-03 22:07:13	 6053	 3789	3336	112	 35.86	 1	-1 	0
2025-11-03 22:07:14	 6092	 3806	3336	112	 5.98	 2	0 	0
2025-11-03 22:07:15	 6127	 4030	3360	88	 18.28	 7	0 	0
2025-11-03 22:07:16	 6162	 4204	3383	32	 9.49	 -1	0 	0
2025-11-03 22:07:17	 6202	 4199	3395	32	 315.00	 -1	0 	0
2025-11-03 22:07:18	 6237	 4261	3329	48	 336.09	 1	-2 	0
2025-11-03 22:07:19	 6272	 4236	3298	32	 35.86	 -1	-1 	0
2025-11-03 22:07:20	 6330	 4336	3333	32	 14.77	 4	1 	0
2025-11-03 22:07:21	 6365	 4382	3350	32	 129.02	 0	0 	0
2025-11-03 22:07:23	 6417	 4300	3452	32	 174.73	 -7	3 	0
2025-11-03 22:07:24	 6452	 4046	3344	80	 158.91	 -5	0 	0
2025-11-03 22:07:25	 6487	 3677	3587	8	 238.01	 -13	7 	0
2025-11-03 22:07:26	 6522	 3290	3472	0	 294.26	 -4	-1 	0
2025-11-03 22:07:27	 6557	 3447	3472	0	 301.29	 7	-2 	0
2025-11-03 22:07:28	 6592	 3472	3258	0	 185.27	 0	-1 	0
2025-11-03 22:07:29	 6642	 3472	3473	0	 151.88	 0	3 	0
2025-11-03 22:07:30	 6677	 3536	3495	0	 206.37	 1	-1 	0
2025-11-03 22:07:31	 6712	 3472	3428	0	 208.12	 -1	-4 	0
2025-11-03 22:07:32	 6747	 3183	3352	96	 174.73	 -16	0 	0
2025-11-03 22:07:33	 6782	 2720	3383	61	 232.73	 0	0 	3
2025-11-03 22:07:34	 6817	 2540	3169	0	 188.79	 -5	-5 	0
2025-11-03 22:07:35	 6852	 2483	3220	0	 109.69	 -2	11 	0
2025-11-03 22:07:36	 6887	 2304	3277	-64	 125.51	 -1	6 	0
2025-11-03 22:07:37	 6922	 2153	3391	-32	 281.95	 -2	-4 	0
2025-11-03 22:07:38	 6957	 2174	3231	-64	 273.16	 2	-11 	0
2025-11-03 22:07:39	 6992	 2201	3151	-64	 273.16	 -1	6 	0
2025-11-03 22:07:40	 7027	 2201	3328	-64	 338.20	 3	-1 	0
2025-11-03 22:07:41	 7062	 2339	3240	-64	 327.66	 3	-7 	0
2025-11-03 22:07:42	 7097	 2615	3221	0	 338.20	 4	-2 	0
2025-11-03 22:07:43	 7132	 2671	3280	0	 80.16	 0	9 	0
2025-11-03 22:07:44	 7167	 2735	3407	0	 1.05	 1	0 	3
2025-11-03 22:07:46	 7242	 2839	3383	96	 1.05	 12	-2 	0
2025-11-03 22:07:47	 7277	 3378	3371	69	 1.05	 16	0 	0
2025-11-03 22:07:48	 7312	 3972	3376	112	 355.78	 16	-1 	0
2025-11-03 22:07:49	 7347	 4278	3371	48	 23.91	 13	3 	0
2025-11-03 22:07:50	 7382	 4614	3340	112	 46.76	 12	3 	0
2025-11-03 22:07:51	 7417	 4671	3437	112	 359.30	 0	0 	0
2025-11-03 22:07:52	 7452	 4671	3454	112	 359.30	 0	0 	0
2025-11-03 22:07:55	 7533	 4799	3433	112	 41.48	 0	0 	0
2025-11-03 22:07:58	 7635	 4786	3434	112	 192.66	 -5	-1 	0
2025-11-03 22:07:59	 7670	 4712	3406	112	 192.66	 0	-1 	0
2025-11-03 22:08:02	 7794	 4712	3392	112	 253.04	 0	0 	0
2025-11-03 22:08:03	 7829	 4748	3503	112	 253.04	 0	0 	0
2025-11-03 22:08:06	 7917	 4750	3532	112	 94.83	 0	0 	0
2025-11-03 22:08:07	 7977	 4756	3562	112	 77.26	 1	4 	0
2025-11-03 22:08:08	 8012	 4785	3780	112	 149.33	 -1	2 	0
2025-11-03 22:08:09	 8047	 4647	3835	112	 158.12	 -8	2 	0
2025-11-03 22:08:10	 8082	 4371	3886	112	 189.76	 -9	-1 	0
2025-11-03 22:08:11	 8117	 4224	3877	112	 182.72	 0	0 	0
2025-11-03 22:08:12	 8152	 4247	3904	112	 305.77	 0	1 	0
2025-11-03 22:08:13	 8187	 4435	3885	112	 5.54	 7	0 	0
2025-11-03 22:08:14	 8222	 4689	3880	112	 312.80	 2	-1 	0
2025-11-03 22:08:15	 8257	 4711	3789	112	 293.47	 0	-4 	0
2025-11-03 22:08:16	 8292	 4776	3557	112	 238.97	 -1	-7 	0
2025-11-03 22:08:17	 8327	 4769	3485	112	 177.45	 -1	-1 	0
2025-11-03 22:08:18	 8362	 4712	3425	112	 180.97	 0	-1 	0
2025-11-03 22:08:19	 8403	 4682	3439	112	 144.05	 -8	5 	0
2025-11-03 22:08:20	 8438	 4547	3690	32	 36.83	 2	6 	0
2025-11-03 22:08:21	 8473	 4655	3743	32	 303.66	 0	-4 	0
2025-11-03 22:08:22	 8508	 4585	3560	32	 180.62	 -7	-4 	0
2025-11-03 22:08:23	 8543	 4496	3536	32	 206.98	 -1	-1 	0
2025-11-03 22:08:24	 8578	 4426	3545	32	 203.47	 -7	-1 	0
2025-11-03 22:08:25	 8613	 4335	3371	32	 280.81	 -2	-6 	0
2025-11-03 22:08:26	 8648	 4331	3310	32	 344.09	 3	-2 	0
2025-11-03 22:08:27	 8683	 4391	3216	32	 308.94	 7	-2 	0
2025-11-03 22:08:29	 8723	 4655	2963	32	 231.59	 0	3 	0
2025-11-03 22:08:30	 8758	 4655	3203	32	 159.52	 0	2 	0
2025-11-03 22:08:31	 8793	 4629	3217	32	 156.01	 -1	-1 	0
2025-11-03 22:08:32	 8828	 4496	3183	32	 98.00	 -1	0 	0
2025-11-03 22:08:33	 8878	 4451	3173	32	 119.09	 -1	-1 	0
2025-11-03 22:08:34	 8913	 4367	3264	32	 99.76	 -2	1 	0
2025-11-03 22:08:35	 8948	 4370	3345	32	 48.78	 2	2 	0
2025-11-03 22:08:36	 8983	 4447	3372	72	 357.80	 10	-1 	0
2025-11-03 22:08:37	 9023	 4655	3360	112	 320.89	 0	-2 	0
2025-11-03 22:08:38	 9058	 4655	3300	112	 338.47	 0	-1 	0
2025-11-03 22:08:40	 9135	 4653	3299	112	 347.26	 -1	0 	0
2025-11-03 22:08:42	 9204	 4787	3277	112	 280.46	 1	-1 	0
2025-11-03 22:08:43	 9239	 4783	3185	112	 259.37	 -2	-8 	0
2025-11-03 22:08:44	 9274	 4722	2914	112	 218.94	 -4	-8 	0
2025-11-03 22:08:45	 9309	 4552	2811	112	 171.47	 -2	-1 	0
2025-11-03 22:08:46	 9344	 4479	2803	112	 183.78	 -4	-1 	0
2025-11-03 22:08:47	 9379	 4274	2797	112	 171.47	 -8	0 	0
2025-11-03 22:08:48	 9414	 4035	2838	120	 138.08	 -3	0 	0
2025-11-03 22:08:54	 9607	 3443	3573	0	 287.58	 -4	-4 	0
2025-11-03 22:08:55	 9642	 3473	3471	0	 303.40	 3	-2 	0
2025-11-03 22:08:56	 9677	 3501	3297	0	 254.18	 -1	-8 	0
2025-11-03 22:08:57	 9712	 3370	3070	0	 196.17	 -8	-4 	0
2025-11-03 22:08:58	 9747	 3117	2983	0	 169.80	 -3	-2 	0
2025-11-03 22:08:59	 9782	 3148	2960	0	 46.76	 1	1 	0
2025-11-03 22:09:00	 9817	 3228	3078	0	 32.70	 6	4 	0
2025-11-03 22:09:01	 9852	 3466	3239	0	 43.24	 6	5 	0
2025-11-03 22:09:02	 9887	 3486	3330	0	 129.38	 -2	4 	0
2025-11-03 22:09:03	 9922	 3453	3328	0	 173.32	 -5	-1 	0
2025-11-03 22:09:04	 9957	 3203	3346	96	 187.38	 -9	-1 	0
2025-11-03 22:09:05	 9992	 2972	3431	96	 73.12	 -3	2 	0
2025-11-03 22:09:06	 10027	 2948	3461	96	 346.99	 -1	0 	0
2025-11-03 22:09:13	 10266	 3082	3368	96	 359.30	 5	-3 	0
2025-11-03 22:09:14	 10301	 3141	3340	96	 29.18	 0	-1 	0
2025-11-03 22:09:15	 10336	 3189	3418	112	 55.55	 1	1 	0
2025-11-03 22:09:16	 10371	 3202	3439	112	 6.33	 0	0 	0
2025-11-03 22:09:17	 10421	 3330	3433	112	 34.45	 1	-1 	0
2025-11-03 22:09:18	 10456	 3346	3460	112	 83.67	 0	5 	13
2025-11-03 22:09:19	 10491	 3357	3719	112	 90.70	 -1	8 	13
2025-11-03 22:09:27	 10751	 2682	2990	40	 327.30	 -1	-1 	15
2025-11-03 22:09:28	 10786	 2691	2991	40	 48.16	 2	3 	15
2025-11-03 22:09:29	 10821	 2715	3018	40	 48.16	 -5	-5 	15
2025-11-03 22:09:30	 10856	 2661	2958	40	 343.12	 -1	-1 	15
2025-11-03 22:09:31	 10891	 2738	2928	40	 264.02	 0	-1 	15
2025-11-03 22:09:32	 10926	 2736	2848	40	 264.02	 -1	0 	15
2025-11-03 22:09:34	 11002	 2726	2771	40	 278.09	 -1	-1 	20
2025-11-03 22:09:39	 11188	 2764	2765	40	 358.95	 5	-1 	20
2025-11-03 22:09:40	 11223	 3027	2760	40	 350.16	 6	-1 	20
2025-11-03 22:09:41	 11258	 3096	2783	40	 255.23	 0	0 	20
2025-11-03 22:09:43	 11331	 3086	2660	35	 264.02	 -2	-12 	0
2025-11-03 22:09:44	 11366	 3058	2385	-72	 264.02	 0	0 	0
2025-11-03 22:09:45	 11401	 3074	2479	-144	 264.02	 0	0 	0
2025-11-03 22:09:49	 11529	 3065	2376	-128	 239.41	 -2	-8 	0
2025-11-03 22:09:50	 11564	 2889	2267	-144	 162.07	 -7	1 	0
2025-11-03 22:09:51	 11599	 2665	2407	-130	 84.73	 -4	6 	0
2025-11-03 22:09:52	 11634	 2667	2572	-144	 328.71	 0	0 	0
2025-11-03 22:09:53	 11669	 2728	2498	-120	 290.04	 0	0 	0
2025-11-03 22:09:54	 11704	 2651	2676	-144	 333.98	 -6	5 	0
2025-11-03 22:09:55	 11739	 2481	2695	-144	 330.47	 -7	0 	0
2025-11-03 22:09:56	 11774	 2376	2695	-144	 277.73	 -1	0 	0
2025-11-03 22:09:59	 11887	 2371	2639	-144	 263.67	 -1	-7 	0
2025-11-03 22:10:00	 11922	 2340	2501	-144	 209.18	 -1	-1 	0
2025-11-03 22:10:02	 11972	 2312	2471	-144	 246.09	 -1	-5 	0
2025-11-03 22:10:05	 12098	 2296	2432	-144	 356.84	 0	-1 	0
2025-11-03 22:10:06	 12133	 2509	2423	-128	 356.84	 7	-1 	12
2025-11-03 22:10:07	 12168	 2646	2416	-144	 356.84	 5	-1 	0
2025-11-03 22:10:08	 12203	 2729	2411	-144	 356.84	 -7	0 	0
2025-11-03 22:10:09	 12238	 2461	2426	-128	 356.84	 -9	0 	0
2025-11-03 22:10:10	 12273	 2296	2439	-144	 351.56	 0	0 	0
2025-11-03 22:10:23	 12716	 2371	2473	-144	 356.84	 2	1 	0
2025-11-03 22:10:24	 12751	 2401	2487	-144	 351.56	 0	0 	0
2025-11-03 22:10:25	 12791	 2403	2504	-144	 344.53	 0	0 	0
2025-11-03 22:10:26	 12837	 2548	2511	-144	 339.26	 4	0 	0
2025-11-03 22:10:27	 12872	 2599	2512	-144	 5.62	 0	0 	0
2025-11-03 22:10:29	 12944	 2726	2525	-120	 3.87	 7	0 	0
2025-11-03 22:10:30	 12979	 2987	2458	-128	 316.41	 6	-6 	0
2025-11-03 22:10:31	 13014	 3162	2340	-144	 9.14	 5	-2 	19
2025-11-03 22:10:32	 13049	 3282	2442	-144	 132.19	 -1	2 	0
2025-11-03 22:10:34	 13094	 3287	2447	-144	 200.74	 -1	-1 	0
2025-11-03 22:10:35	 13129	 3173	2429	-144	 190.20	 -1	-1 	0
2025-11-03 22:10:36	 13164	 3170	2447	-144	 221.84	 0	0 	0
2025-11-03 22:10:37	 13199	 3270	2447	-144	 176.13	 0	-1 	0
2025-11-03 22:10:41	 13342	 3258	2447	-144	 176.13	 -4	0 	0
2025-11-03 22:10:42	 13377	 3039	2460	-128	 163.83	 -8	1 	0
2025-11-03 22:10:43	 13412	 2755	2524	-120	 179.65	 -9	1 	0
2025-11-03 22:10:44	 13447	 2491	2521	-144	 188.44	 -3	-1 	0
2025-11-03 22:10:45	 13482	 2462	2518	-144	 188.44	 -1	-1 	0
2025-11-03 22:10:46	 13535	 2312	2477	-144	 214.80	 -1	-2 	0
2025-11-03 22:10:47	 13570	 2312	2448	-144	 153.28	 0	-1 	0
2025-11-03 22:11:04	 14151	 2310	2557	-144	 278.09	 0	-3 	0
2025-11-03 22:11:05	 14186	 2326	2450	-144	 198.98	 0	-1 	0
2025-11-03 22:11:06	 14235	 2351	2484	-144	 241.17	 0	-1 	0
2025-11-03 22:11:07	 14270	 2320	2321	-144	 267.54	 -1	-4 	0
2025-11-03 22:11:08	 14305	 2334	2469	-144	 206.02	 0	2 	0
2025-11-03 22:11:09	 14340	 2312	2452	-144	 221.84	 0	-1 	0
2025-11-03 22:11:11	 14408	 2329	2477	-144	 53.09	 4	4 	0
2025-11-03 22:11:12	 14443	 2391	2556	-144	 176.13	 0	0 	0
2025-11-03 22:11:14	 14497	 2320	2564	-144	 227.11	 -1	-2 	0
2025-11-03 22:11:15	 14532	 2332	2545	-144	 190.20	 4	0 	0
2025-11-03 22:11:16	 14567	 2371	2476	-144	 269.30	 -2	-7 	0
2025-11-03 22:11:20	 14713	 2320	2253	40	 276.33	 0	-3 	17
2025-11-03 22:11:22	 14775	 2411	2192	40	 358.95	 6	-1 	0
2025-11-03 22:11:23	 14810	 2686	2191	40	 358.95	 8	-1 	0
2025-11-03 22:11:24	 14845	 2799	2189	40	 358.95	 0	-1 	0
2025-11-03 22:11:35	 15235	 2787	2098	40	 262.27	 -1	-4 	0
2025-11-03 22:18:11	 29114	 2783	2065	40	 216.56	 -1	-1 	0
2025-11-03 22:18:12	 29149	 2708	1998	40	 278.09	 -1	-5 	0
2025-11-03 22:24:11	 444	 -864	1648	0	 138.87	 -1	0 	0
2025-11-03 22:24:12	 479	 -907	1684	0	 228.52	 -1	0 	0
2025-11-03 22:24:13	 519	 -910	1642	0	 237.30	 -1	-1 	0
2025-11-03 22:24:14	 554	 -912	1616	0	 270.70	 -1	0 	0
2025-11-03 22:24:20	 785	 -862	1616	0	 333.98	 3	0 	0
2025-11-03 22:24:22	 828	 -856	1711	0	 221.48	 0	0 	0
2025-11-03 22:24:23	 867	 -965	1616	0	 293.55	 -2	0 	0
2025-11-03 22:24:24	 902	 -951	1616	0	 314.65	 1	0 	0
2025-11-03 22:24:25	 942	 -937	1606	0	 291.80	 1	-4 	0
2025-11-03 22:24:26	 977	 -920	1548	0	 265.43	 -1	0 	0
2025-11-03 22:24:27	 1012	 -923	1538	0	 272.46	 0	-1 	0
2025-11-03 22:24:28	 1050	 -929	1539	0	 281.25	 -1	2 	0
2025-11-03 22:24:29	 1085	 -948	1642	0	 281.25	 -1	1 	0
2025-11-03 22:24:30	 1130	 -948	1647	0	 281.25	 0	-4 	0
2025-11-03 22:24:32	 1198	 -934	1592	0	 272.46	 0	-4 	0
2025-11-03 22:24:33	 1233	 -932	1551	0	 312.89	 0	-1 	0
2025-11-03 22:24:36	 1322	 -913	1511	0	 344.53	 0	-1 	0
2025-11-03 22:24:37	 1357	 -884	1477	0	 328.71	 0	-1 	0
2025-11-03 22:24:39	 1438	 -849	1441	0	 333.98	 0	-2 	0
2025-11-03 22:24:40	 1473	 -849	1422	0	 328.71	 0	-1 	0
2025-11-03 22:24:41	 1508	 -851	1276	0	 253.12	 -1	-5 	0
2025-11-03 22:24:42	 1543	 -863	1030	0	 286.52	 1	-8 	0
2025-11-03 22:24:43	 1578	 -823	885	8	 284.77	 2	-7 	0
2025-11-03 22:24:44	 1613	 -838	722	48	 212.70	 -2	-4 	17
2025-11-03 22:24:45	 1648	 -815	694	48	 191.60	 2	0 	17
2025-11-03 22:24:46	 1683	 -757	703	48	 191.60	 0	0 	17
2025-11-03 22:24:48	 1735	 -820	770	40	 87.89	 -4	6 	0
2025-11-03 22:24:49	 1770	 -857	962	0	 324.84	 4	-1 	0
2025-11-03 22:24:50	 1805	 -767	923	0	 43.95	 0	-1 	0
2025-11-03 22:24:51	 1853	 -767	909	0	 103.71	 -1	1 	0
2025-11-03 22:24:52	 1888	 -915	1067	0	 142.38	 -7	5 	0
2025-11-03 22:24:53	 1923	 -980	1119	0	 22.85	 -1	0 	0
2025-11-03 22:24:54	 1966	 -902	1043	0	 345.94	 6	-4 	0
2025-11-03 22:24:55	 2001	 -799	997	0	 54.49	 0	-1 	0
2025-11-03 22:24:56	 2041	 -732	1022	0	 17.58	 6	2 	0
2025-11-03 22:24:57	 2076	 -478	1045	0	 358.24	 8	-1 	0
2025-11-03 22:24:59	 2145	 -432	1119	0	 131.84	 -1	3 	0
2025-11-03 22:25:00	 2180	 -528	1172	0	 165.23	 2	-2 	0
2025-11-03 22:25:01	 2215	 -401	1132	0	 165.23	 0	-1 	0
2025-11-03 22:25:08	 2449	 -401	1120	0	 156.45	 0	-1 	0
2025-11-03 22:25:13	 2610	 -507	1175	0	 145.90	 -4	0 	0
2025-11-03 22:25:14	 2645	 -608	1250	0	 165.23	 -1	1 	0
2025-11-03 22:25:15	 2680	 -675	1248	0	 149.41	 -2	-1 	0
2025-11-03 22:25:16	 2715	 -689	1308	0	 89.65	 -1	6 	0
2025-11-03 22:25:17	 2750	 -712	1479	0	 179.30	 -1	0 	0
2025-11-03 22:25:18	 2789	 -723	1417	0	 267.19	 -1	-7 	0
2025-11-03 22:25:19	 2824	 -776	1457	0	 293.55	 -1	1 	0
2025-11-03 22:25:20	 2867	 -738	1390	0	 293.55	 2	-7 	0
2025-11-03 22:25:21	 2916	 -657	1221	0	 33.75	 0	1 	0
2025-11-03 22:25:22	 2951	 -629	1251	0	 355.08	 2	0 	10
2025-11-03 22:25:23	 2986	 -607	1253	0	 277.73	 0	-3 	0
2025-11-03 22:25:24	 3021	 -600	1207	0	 246.09	 0	-2 	0
2025-11-03 22:25:25	 3056	 -651	1131	0	 156.45	 -5	0 	0
2025-11-03 22:25:26	 3091	 -770	1142	0	 186.33	 -7	-1 	0
2025-11-03 22:25:27	 3126	 -742	1141	0	 186.33	 0	0 	0
2025-11-03 22:25:29	 3179	 -761	1150	0	 159.96	 -5	1 	0
2025-11-03 22:26:35	 5495	 -760	1157	0	 349.80	 5	-3 	0
2025-11-03 22:26:36	 5530	 -507	1164	0	 10.90	 4	0 	0
2025-11-03 22:26:37	 5565	 -466	1120	0	 91.76	 0	0 	0
2025-11-03 22:26:38	 5607	 -418	1124	0	 309.38	 1	0 	0
2025-11-03 22:26:40	 5658	 -401	1076	0	 268.95	 -1	-3 	0
2025-11-03 22:26:41	 5693	 -401	1055	0	 240.82	 -1	-1 	0
2025-11-03 22:26:42	 5730	 -543	925	0	 193.36	 -8	-4 	0
2025-11-03 22:26:43	 5765	 -760	904	0	 214.45	 -8	-3 	0
2025-11-03 22:26:44	 5800	 -844	828	24	 272.46	 -1	-4 	0
2025-11-03 22:26:45	 5835	 -843	749	40	 316.41	 0	-1 	0
2025-11-03 22:26:46	 5883	 -819	734	48	 323.44	 0	-1 	0
2025-11-03 22:26:49	 5998	 -793	720	48	 332.23	 1	-1 	17
2025-11-03 22:26:51	 6037	 -781	714	48	 311.13	 -3	1 	17
2025-11-03 22:26:52	 6072	 -849	824	24	 316.41	 2	-3 	0
2025-11-03 22:26:53	 6107	 -724	694	48	 333.98	 1	-2 	17
2025-11-03 22:26:54	 6151	 -716	676	48	 235.55	 -2	-3 	17
2025-11-03 22:26:55	 6186	 -889	519	48	 237.30	 -5	-5 	17
2025-11-03 22:26:56	 6221	 -935	477	48	 311.13	 -1	-1 	17
2025-11-03 22:26:57	 6272	 -889	432	56	 318.16	 0	-1 	17
2025-11-03 22:26:59	 6319	 -899	437	56	 341.02	 -5	1 	17
2025-11-03 22:27:00	 6354	 -1002	473	48	 31.99	 -1	0 	17
2025-11-03 22:27:01	 6389	 -998	564	48	 84.73	 0	7 	17
2025-11-03 22:27:02	 6424	 -923	711	48	 2.11	 5	0 	17
2025-11-03 22:27:03	 6459	 -721	807	24	 56.60	 0	1 	0
2025-11-03 22:27:04	 6494	 -701	961	0	 23.20	 4	5 	0
2025-11-03 22:27:05	 6529	 -455	1001	0	 3.87	 8	-1 	0
2025-11-03 22:27:06	 6579	 -259	991	0	 328.71	 5	-3 	0
2025-11-03 22:27:07	 6614	 -167	915	0	 272.46	 0	-6 	0
2025-11-03 22:27:08	 6649	 -164	696	16	 240.82	 -1	-3 	0
2025-11-03 22:27:09	 6684	 -165	673	16	 117.77	 -1	-1 	0
2025-11-03 22:27:10	 6730	 -183	941	0	 131.84	 -3	14 	0
2025-11-03 22:27:11	 6765	 -264	976	0	 189.84	 -5	-4 	0
2025-11-03 22:27:13	 6810	 -461	994	0	 182.81	 -8	0 	0
2025-11-03 22:27:14	 6845	 -742	950	0	 210.94	 -8	-3 	0
2025-11-03 22:27:15	 6880	 -849	745	40	 323.44	 3	-7 	0
2025-11-03 22:27:16	 6915	 -689	528	48	 304.10	 0	-1 	17
2025-11-03 22:27:17	 6950	 -689	480	48	 67.15	 0	-1 	17
2025-11-03 22:27:18	 6985	 -708	659	48	 47.81	 2	13 	17
2025-11-03 22:27:19	 7033	 -690	711	48	 109.34	 -1	0 	17
2025-11-03 22:27:20	 7068	 -772	791	32	 63.63	 -2	6 	0
2025-11-03 22:27:21	 7103	 -672	1009	0	 5.62	 11	2 	0
2025-11-03 22:27:22	 7138	 -333	1000	0	 335.74	 0	-1 	0
2025-11-03 22:27:23	 7173	 -268	979	0	 342.77	 6	-2 	0
2025-11-03 22:27:24	 7208	 -147	900	0	 261.91	 -1	-5 	0
2025-11-03 22:27:25	 7243	 -176	692	16	 261.91	 -1	-3 	0
2025-11-03 22:27:26	 7278	 -185	631	16	 256.64	 -1	-6 	0
2025-11-03 22:27:27	 7313	 -195	572	16	 179.30	 -1	-1 	0
2025-11-03 22:27:33	 7535	 -250	571	16	 179.30	 -6	0 	0
2025-11-03 22:27:34	 7570	 -396	528	16	 251.37	 -2	-1 	0
2025-11-03 22:27:35	 7605	 -492	384	16	 188.09	 -2	-3 	0
2025-11-03 22:27:36	 7640	 -614	399	16	 182.81	 -7	-1 	0
2025-11-03 22:27:37	 7675	 -885	376	16	 193.36	 -9	-2 	0
2025-11-03 22:27:38	 7710	 -1000	379	16	 309.38	 -2	3 	0
2025-11-03 22:27:39	 7746	 -894	316	16	 335.74	 6	-4 	0
2025-11-03 22:27:40	 7781	 -816	274	16	 19.69	 1	1 	0
2025-11-03 22:27:41	 7816	 -759	345	16	 19.69	 4	3 	0
2025-11-03 22:27:42	 7851	 -714	387	16	 2.11	 -6	-1 	0
2025-11-03 22:27:43	 7886	 -980	378	16	 2.11	 -9	-1 	0
2025-11-03 22:31:03	 14863	 -921	356	16	 2.11	 7	-2 	0
2025-11-03 22:31:04	 14898	 -768	352	16	 3.87	 6	0 	0
2025-11-03 22:31:05	 14933	 -540	399	16	 35.51	 1	0 	0
2025-11-03 22:31:06	 14968	 -509	419	16	 70.66	 0	0 	0
2025-11-03 22:31:07	 15003	 -488	476	16	 90.00	 0	6 	0
2025-11-03 22:31:08	 15038	 -482	573	16	 53.09	 0	0 	0
2025-11-03 22:31:09	 15077	 -412	593	16	 351.56	 4	0 	0
2025-11-03 22:31:10	 15112	 -370	601	16	 321.68	 0	0 	0
2025-11-03 22:31:12	 15199	 -307	542	16	 3.87	 0	-1 	0
2025-11-03 22:31:13	 15234	 -201	634	16	 79.45	 3	6 	0
2025-11-03 22:31:14	 15269	 -181	905	0	 121.64	 -3	8 	0
2025-11-03 22:31:15	 15304	 -231	1039	0	 75.94	 -1	0 	0
2025-11-03 22:31:19	 15418	 -239	973	0	 63.63	 0	0 	0
2025-11-03 22:31:20	 15453	 -177	1027	0	 98.79	 0	-2 	0
2025-11-03 22:31:21	 15488	 -177	989	0	 51.33	 0	-1 	0
2025-11-03 22:31:22	 15531	 -240	878	0	 91.76	 0	-7 	0
2025-11-03 22:31:23	 15566	 -239	799	16	 82.97	 0	-1 	0
2025-11-03 22:31:25	 15630	 -228	884	0	 82.97	 0	6 	0
2025-11-03 22:31:26	 15665	 -209	1098	0	 93.52	 0	1 	9
2025-11-03 22:31:27	 15719	 -208	1115	0	 28.48	 0	0 	9
2025-11-03 22:31:28	 15754	 -103	1126	0	 297.07	 0	0 	9
2025-11-03 22:31:29	 15789	 -105	1096	0	 216.21	 -1	0 	0
2025-11-03 22:31:31	 15862	 -139	1264	0	 89.65	 -1	7 	9
2025-11-03 22:31:32	 15897	 -142	1439	0	 161.72	 -1	0 	0
2025-11-03 22:31:33	 15932	 -330	1473	0	 172.27	 -8	1 	9
2025-11-03 22:31:34	 15967	 -557	1597	0	 79.10	 -2	7 	9
2025-11-03 22:31:35	 16002	 -529	1727	0	 52.73	 0	0 	0
2025-11-03 22:31:37	 16051	 -535	1813	0	 89.65	 -1	5 	0
2025-11-03 22:31:38	 16086	 -540	1888	0	 3.52	 -1	0 	0
2025-11-03 22:31:39	 16121	 -508	1878	0	 22.85	 1	0 	0
2025-11-03 22:31:40	 16156	 -418	1903	0	 300.23	 0	0 	0
2025-11-03 22:31:43	 16257	 -466	1847	0	 235.20	 -5	-6 	0
2025-11-03 22:31:44	 16292	 -516	1784	0	 356.48	 1	-1 	0
2025-11-03 22:31:45	 16327	 -342	1804	0	 40.43	 2	0 	0
2025-11-03 22:31:46	 16362	 -320	1807	0	 59.77	 0	0 	0
2025-11-03 22:31:47	 16427	 -202	1834	0	 26.37	 1	0 	0
2025-11-03 22:31:49	 16468	 -186	1831	0	 312.54	 2	-3 	0
2025-11-03 22:31:50	 16503	 -81	1714	0	 345.94	 0	-1 	0
2025-11-03 22:31:52	 16586	 -89	1745	0	 128.32	 -3	5 	0
2025-11-03 22:31:53	 16621	 -176	1862	0	 200.39	 -1	-1 	0
2025-11-03 22:31:54	 16656	 -280	1811	0	 175.78	 -8	-1 	0
2025-11-03 22:31:55	 16691	 -542	1843	0	 154.69	 -4	1 	0
2025-11-03 22:31:56	 16726	 -586	1891	0	 103.71	 -1	2 	0
2025-11-03 22:31:57	 16761	 -624	1903	16	 151.17	 -1	0 	0
2025-11-03 22:31:59	 16835	 -562	1873	0	 344.18	 5	-3 	0
2025-11-03 22:32:00	 16870	 -303	1792	0	 344.18	 7	-3 	0
2025-11-03 22:32:01	 16905	 -299	1785	0	 344.18	 -6	1 	0
2025-11-03 22:32:02	 16940	 -549	1855	0	 347.70	 -8	2 	0
2025-11-03 22:32:03	 16975	 -632	1844	0	 328.36	 0	-1 	0
2025-11-03 22:32:05	 17028	 -630	1855	0	 19.34	 1	0 	0
2025-11-03 22:32:06	 17063	 -597	1859	0	 101.95	 0	0 	0
2025-11-03 22:32:08	 17149	 -594	1893	16	 340.66	 7	-3 	0
2025-11-03 22:32:09	 17184	 -216	1760	0	 340.66	 4	-2 	15
2025-11-03 22:32:10	 17219	 -204	1756	28	 340.66	 -2	0 	15
2025-11-03 22:32:13	 17311	 -215	1752	64	 287.93	 1	-6 	15
2025-11-03 22:32:14	 17346	 -158	1552	64	 215.86	 0	0 	0
2025-11-03 22:32:21	 17605	 -800	576	48	 90.00	 -1	0 	17
2025-11-03 22:32:22	 17640	 -801	722	48	 90.00	 -1	3 	17
2025-11-03 22:32:23	 17675	 -801	876	11	 123.40	 -1	4 	0
2025-11-03 22:32:24	 17710	 -801	944	0	 139.22	 -1	0 	0
2025-11-03 22:32:25	 17745	 -853	1017	0	 109.34	 -3	4 	0
2025-11-03 22:32:26	 17780	 -852	1128	0	 100.55	 -1	3 	0
2025-11-03 22:32:27	 17815	 -931	1352	0	 123.40	 -5	6 	0
2025-11-03 22:32:28	 17850	 -983	1437	0	 230.62	 -1	0 	0
2025-11-03 22:32:29	 17885	 -989	1318	0	 218.32	 0	-2 	0
2025-11-03 22:32:30	 17922	 -1037	1296	0	 186.68	 -2	-1 	0
2025-11-03 22:32:31	 17969	 -1202	1296	0	 177.89	 -3	0 	21
2025-11-03 22:32:32	 18004	 -1225	1296	0	 183.16	 -1	0 	21
2025-11-03 22:32:34	 18053	 -1329	1292	0	 183.16	 -7	-1 	21
2025-11-03 22:32:35	 18088	 -1488	1283	0	 183.16	 3	0 	0
2025-11-03 22:32:36	 18123	 -1246	1296	0	 183.16	 8	0 	21
2025-11-03 22:32:37	 18158	 -1006	1310	0	 183.16	 2	0 	0
2025-11-03 22:32:38	 18193	 -1092	1305	0	 183.16	 -8	-1 	0
2025-11-03 22:32:39	 18228	 -1189	1299	0	 198.98	 -1	-1 	0
2025-11-03 22:32:40	 18268	 -1184	1296	0	 195.47	 0	0 	0
2025-11-03 22:32:41	 18303	 -1108	1296	0	 176.13	 2	0 	0
2025-11-03 22:32:42	 18338	 -1126	1298	0	 176.13	 -1	0 	0
2025-11-03 22:32:43	 18383	 -1150	1300	0	 176.13	 -5	0 	0
2025-11-03 22:32:44	 18418	 -1158	1300	0	 176.13	 6	-1 	0
2025-11-03 22:32:45	 18453	 -1107	1298	0	 176.13	 -6	0 	0
2025-11-03 22:32:46	 18488	 -1188	1304	0	 137.46	 -1	0 	0
2025-11-03 22:32:48	 18564	 -1128	1309	0	 184.92	 1	0 	0
2025-11-03 22:32:49	 18599	 -1108	1311	0	 184.92	 0	0 	0
2025-11-03 22:32:51	 18666	 -1113	1311	0	 184.92	 -1	-1 	0
2025-11-03 22:32:53	 18733	 -1180	1303	0	 186.68	 -3	-1 	0
2025-11-03 22:32:54	 18768	 -1206	1300	0	 200.74	 -1	-1 	21
2025-11-03 22:32:56	 18831	 -1169	1314	0	 170.86	 0	0 	0
2025-11-03 22:32:57	 18866	 -1121	1307	0	 211.29	 1	0 	0
2025-11-03 22:32:58	 18901	 -964	1331	0	 188.44	 4	0 	0
2025-11-03 22:32:59	 18936	 -1060	1315	0	 179.65	 -8	-1 	0
2025-11-03 22:33:00	 18971	 -1228	1312	0	 179.65	 -3	0 	21
2025-11-03 22:33:01	 19006	 -1257	1312	0	 216.56	 -1	0 	21
2025-11-03 22:33:02	 19044	 -1233	1401	0	 235.90	 0	1 	21
2025-11-03 22:33:10	 19320	 -1233	1414	0	 221.84	 0	0 	21
2025-11-03 22:33:13	 19421	 -1261	1339	0	 235.90	 -4	-7 	21
2025-11-03 22:33:14	 19456	 -1390	1121	-120	 265.78	 -2	-4 	0
2025-11-03 22:33:15	 19491	 -1392	1098	-120	 292.15	 0	-2 	0
2025-11-03 22:33:16	 19526	 -1348	885	-120	 256.99	 -1	-9 	0
2025-11-03 22:33:17	 19561	 -1355	787	-120	 174.38	 -1	-1 	0
2025-11-03 22:33:19	 19638	 -1628	1088	0	 3.87	 2	0 	18
2025-11-03 22:33:20	 19673	 -1553	1009	0	 286.52	 0	-6 	0
2025-11-03 22:33:22	 19746	 -1557	981	0	 97.03	 -1	6 	0
2025-11-03 22:33:23	 19781	 -1566	1074	0	 183.16	 -1	0 	0
2025-11-03 22:33:26	 19868	 -1573	1003	0	 82.97	 -1	-5 	0
2025-11-03 22:33:27	 19903	 -1584	972	0	 109.34	 0	0 	0
2025-11-03 22:33:28	 19938	 -1584	1073	0	 119.88	 0	2 	0
2025-11-03 22:33:29	 19973	 -1584	1094	0	 104.06	 0	0 	18
2025-11-03 22:33:30	 20017	 -1559	991	0	 126.91	 -1	0 	0
2025-11-03 22:33:31	 20052	 -1603	1071	0	 195.47	 -3	0 	18
2025-11-03 22:33:32	 20087	 -1712	1049	0	 167.34	 0	-1 	0
2025-11-03 22:33:34	 20166	 -1710	897	8	 271.05	 0	-8 	0
2025-11-03 22:33:37	 20251	 -1375	1311	0	 216.91	 -1	-1 	21
2025-11-03 22:33:39	 20336	 -1323	1314	0	 355.78	 5	0 	21
2025-11-03 22:33:40	 20371	 -1265	1316	0	 234.49	 0	0 	21
2025-11-03 22:33:41	 20406	 -1233	1377	0	 239.77	 0	0 	21
2025-11-03 22:33:42	 20441	 -1257	1274	0	 243.28	 -2	-6 	21
2025-11-03 22:33:43	 20476	 -1320	1190	-119	 181.76	 0	-2 	0
2025-11-03 22:33:45	 20535	 -1339	1194	-120	 148.36	 -6	3 	0
2025-11-03 22:33:46	 20570	 -1408	1235	-120	 262.62	 -1	0 	0
2025-11-03 22:33:47	 20605	 -1354	1136	-120	 260.86	 1	-5 	0
2025-11-03 22:33:48	 20640	 -1368	881	-120	 255.59	 -2	-9 	0
2025-11-03 22:33:49	 20675	 -1416	784	-120	 188.79	 -1	0 	0
2025-11-03 22:33:51	 20770	 -1393	815	-120	 97.38	 0	0 	0
2025-11-03 22:33:52	 20805	 -1392	881	-120	 97.38	 -1	5 	0
2025-11-03 22:33:53	 20840	 -1390	1130	-120	 86.84	 0	7 	0
2025-11-03 22:33:54	 20875	 -1385	1205	-120	 151.88	 0	0 	0
2025-11-03 22:33:55	 20910	 -1497	1200	-120	 183.52	 -8	-1 	0
2025-11-03 22:33:56	 20945	 -1776	1202	-120	 132.54	 -8	2 	0
2025-11-03 22:33:58	 20985	 -1761	1263	-120	 351.91	 3	-1 	0
2025-11-03 22:33:59	 21020	 -1520	1217	-120	 348.40	 8	-2 	0
2025-11-03 22:34:00	 21055	 -1349	1047	-120	 256.99	 -1	-8 	0
2025-11-03 22:34:01	 21090	 -1411	784	-120	 206.02	 -2	-1 	0
2025-11-03 22:34:05	 21260	 -1689	1047	0	 230.62	 -6	-5 	0
2025-11-03 22:34:08	 21346	 -1307	1311	0	 180.00	 -4	-1 	21
2025-11-03 22:34:09	 21381	 -1473	1311	0	 185.27	 -4	-1 	0
2025-11-03 22:34:10	 21416	 -1504	1311	0	 220.43	 -1	-1 	0
2025-11-03 22:34:12	 21494	 -1466	1316	0	 245.04	 0	0 	21
2025-11-03 22:34:14	 21556	 -1381	1308	0	 354.02	 7	-1 	21
2025-11-03 22:34:15	 21591	 -1103	1308	0	 359.30	 8	0 	0
2025-11-03 22:34:16	 21626	 -877	1185	0	 290.74	 3	-8 	0
2025-11-03 22:34:17	 21661	 -816	1024	0	 355.78	 5	-4 	0
2025-11-03 22:34:18	 21696	 -556	998	0	 2.81	 8	0 	0
2025-11-03 22:34:19	 21731	 -310	982	0	 4.57	 2	0 	0
2025-11-03 22:34:20	 21766	 -209	927	0	 274.92	 1	-7 	0
2025-11-03 22:34:21	 21801	 -198	658	16	 243.28	 -2	-8 	0
2025-11-03 22:34:22	 21836	 -280	400	16	 304.80	 0	-1 	0
2025-11-03 22:34:23	 21871	 -233	431	16	 46.76	 0	3 	0
2025-11-03 22:34:24	 21906	 -233	487	16	 85.43	 0	0 	0
2025-11-03 22:34:25	 21941	 -235	487	16	 94.22	 -1	0 	0
2025-11-03 22:34:27	 21999	 -252	494	16	 59.06	 0	0 	0
2025-11-03 22:34:28	 22034	 -224	593	16	 80.16	 1	6 	0
2025-11-03 22:34:29	 22069	 -228	864	11	 97.73	 -1	8 	0
2025-11-03 22:34:30	 22104	 -249	1007	0	 194.41	 -1	0 	0
2025-11-03 22:34:31	 22144	 -368	981	0	 171.56	 -7	0 	0
2025-11-03 22:34:32	 22179	 -639	993	0	 185.62	 -9	-1 	0
2025-11-03 22:34:33	 22214	 -806	1011	0	 118.83	 -4	4 	0
2025-11-03 22:34:34	 22249	 -899	1187	0	 101.25	 -2	7 	0
2025-11-03 22:34:35	 22284	 -992	1334	0	 189.14	 -7	-1 	0
2025-11-03 22:34:36	 22319	 -1119	1309	0	 176.84	 -6	-1 	0
2025-11-03 22:34:37	 22354	 -1187	1306	0	 176.84	 -4	0 	0
2025-11-03 22:34:38	 22389	 -1222	1308	0	 176.84	 6	-1 	21
2025-11-03 22:34:39	 22424	 -1255	1310	0	 176.84	 -8	0 	21
2025-11-03 22:34:40	 22459	 -1534	1302	0	 173.32	 -9	0 	0
2025-11-03 22:34:41	 22494	 -1819	1321	0	 189.14	 -6	0 	0
2025-11-03 22:34:42	 22539	 -1835	1327	0	 194.41	 0	0 	0
2025-11-03 22:34:43	 22582	 -1931	1307	0	 182.11	 -5	-1 	0
