2025-11-04 00:10:44	 395	 448	752	128	 91.41	 0	-1 	0
2025-11-04 00:10:45	 430	 495	747	128	 14.06	 0	-1 	0
2025-11-04 00:10:46	 465	 522	747	128	 4.22	 4	0 	0
2025-11-04 00:10:47	 500	 697	720	128	 202.50	 0	-1 	0
2025-11-04 00:10:50	 553	 -96	782	56	 90.09	 0	-1 	0
2025-11-04 00:10:51	 588	 -97	868	42	 86.22	 -1	4 	0
2025-11-04 00:10:52	 623	 -134	967	8	 67.28	 -7	-2 	0
2025-11-04 00:10:53	 658	 -276	928	8	 69.83	 -7	4 	0
2025-11-04 00:10:54	 693	 -244	1207	8	 315.18	 8	4 	0
2025-11-04 00:10:55	 728	 56	1200	24	 210.32	 7	-4 	0
2025-11-04 00:10:56	 763	 195	1060	8	 169.45	 2	-4 	0
2025-11-04 00:10:57	 798	 216	1036	8	 175.34	 -1	1 	0
2025-11-04 00:10:58	 833	 161	1070	8	 197.31	 -6	-3 	0
2025-11-04 00:10:59	 868	 -66	1075	32	 83.01	 -7	3 	0
2025-11-04 00:11:00	 903	 -182	1040	8	 62.45	 0	-1 	0
2025-11-04 00:11:01	 938	 -22	963	11	 97.95	 3	-6 	0
2025-11-04 00:11:02	 977	 7	848	8	 160.62	 0	0 	0
2025-11-04 00:11:03	 1012	 -18	957	8	 273.03	 -1	0 	0
2025-11-04 00:11:04	 1047	 -66	848	8	 203.60	 -4	-1 	0
2025-11-04 00:11:05	 1082	 -252	859	8	 147.48	 -2	1 	0
2025-11-04 00:11:06	 1117	 -350	1031	8	 100.15	 0	5 	0
2025-11-04 00:11:07	 1152	 -336	1101	8	 79.41	 0	3 	0
2025-11-04 00:11:08	 1187	 -297	1238	8	 344.22	 4	-1 	0
2025-11-04 00:11:09	 1222	 -164	1199	32	 348.05	 -2	0 	0
2025-11-04 00:11:10	 1257	 -202	1101	8	 37.44	 2	-3 	0
2025-11-04 00:11:11	 1292	 -177	1080	8	 60.64	 2	4 	0
2025-11-04 00:11:12	 1327	 -74	1237	48	 46.93	 1	3 	0
2025-11-04 00:11:13	 1362	 -94	1174	40	 22.46	 3	0 	0
2025-11-04 00:11:14	 1397	 137	1242	16	 297.86	 8	0 	0
2025-11-04 00:11:15	 1432	 157	1068	8	 220.03	 1	-8 	0
2025-11-04 00:11:16	 1467	 17	869	8	 126.74	 -10	1 	0
2025-11-04 00:11:17	 1502	 -234	849	8	 328.75	 -6	1 	0
2025-11-04 00:11:18	 1537	 -329	1104	8	 11.25	 3	5 	0
2025-11-04 00:11:19	 1572	 -112	1250	48	 267.58	 7	5 	0
2025-11-04 00:11:20	 1607	 -78	1479	56	 96.15	 -2	5 	0
2025-11-04 00:11:21	 1642	 -102	1647	56	 103.32	 -1	0 	0
2025-11-04 00:11:22	 1677	 26	1612	56	 1.67	 8	-1 	0
2025-11-04 00:11:23	 1712	 209	1640	56	 81.34	 2	2 	0
2025-11-04 00:11:24	 1747	 203	1761	56	 91.27	 0	-5 	0
2025-11-04 00:11:25	 1782	 194	1779	56	 102.22	 -2	8 	0
2025-11-04 00:11:26	 1817	 102	1985	48	 96.06	 -8	7 	0
2025-11-04 00:11:27	 1852	 -95	2258	48	 44.82	 -3	10 	0
2025-11-04 00:11:28	 1887	 52	2527	48	 299.05	 8	-1 	0
2025-11-04 00:11:29	 1922	 144	2371	48	 146.95	 0	-2 	0
2025-11-04 00:11:30	 1957	 218	2267	48	 268.51	 -2	-11 	0
2025-11-04 00:11:31	 1992	 212	1901	48	 265.69	 -1	-6 	0
2025-11-04 00:11:32	 2027	 115	1941	48	 291.84	 -2	2 	0
2025-11-04 00:11:33	 2062	 152	1874	48	 285.25	 6	-5 	0
2025-11-04 00:11:34	 2097	 243	1849	48	 114.35	 1	6 	0
2025-11-04 00:11:35	 2132	 483	1957	48	 148.45	 6	4 	0
2025-11-04 00:11:36	 2167	 456	2219	48	 211.16	 -2	8 	0
2025-11-04 00:11:37	 2202	 458	2415	48	 224.08	 0	-3 	0
2025-11-04 00:11:38	 2237	 429	2136	48	 156.75	 -2	-8 	0
2025-11-04 00:11:39	 2272	 228	1982	48	 77.83	 -10	3 	0
2025-11-04 00:11:40	 2307	 77	2130	48	 2.20	 -5	0 	0
2025-11-04 00:11:41	 2342	 -129	2159	48	 354.02	 -5	0 	0
2025-11-04 00:11:42	 2377	 12	2010	48	 333.33	 7	-7 	0
2025-11-04 00:11:43	 2412	 122	2041	48	 212.56	 1	5 	0
2025-11-04 00:11:44	 2447	 241	2122	48	 265.56	 -1	-3 	0
2025-11-04 00:11:45	 2482	 218	1954	48	 274.13	 -3	0 	0
2025-11-04 00:11:46	 2517	 130	1948	48	 280.46	 0	-3 	0
2025-11-04 00:11:47	 2552	 206	1915	48	 259.19	 0	-1 	0
2025-11-04 00:11:48	 2587	 211	1910	48	 261.65	 0	-1 	0
2025-11-04 00:11:49	 2624	 134	1824	48	 320.98	 -1	-1 	0
2025-11-04 00:11:50	 2659	 218	1825	48	 266.35	 -1	-4 	0
2025-11-04 00:11:51	 2694	 178	1580	56	 357.14	 5	-5 	0
2025-11-04 00:11:52	 2729	 232	1633	56	 89.65	 -7	-3 	0
2025-11-04 00:11:53	 2764	 181	1652	56	 85.74	 0	7 	0
2025-11-04 00:11:54	 2799	 185	1786	56	 89.25	 -1	6 	0
2025-11-04 00:11:55	 2834	 239	2055	48	 89.56	 0	8 	0
2025-11-04 00:11:56	 2869	 183	2343	48	 89.60	 5	8 	0
2025-11-04 00:11:57	 2904	 275	2411	48	 270.70	 -5	-7 	3
2025-11-04 00:11:58	 2939	 239	2276	48	 266.31	 -1	-7 	0
2025-11-04 00:11:59	 2974	 218	2016	48	 263.58	 -1	-9 	0
2025-11-04 00:12:00	 3009	 160	1743	56	 309.02	 0	-9 	0
2025-11-04 00:12:01	 3044	 320	1597	56	 10.11	 7	2 	0
2025-11-04 00:12:02	 3079	 498	1633	56	 1.45	 7	-3 	0
2025-11-04 00:12:03	 3114	 666	1668	56	 222.01	 -4	1 	0
2025-11-04 00:12:04	 3149	 568	1561	56	 3.16	 -1	-3 	0
2025-11-04 00:12:05	 3184	 630	1535	56	 97.78	 2	6 	0
2025-11-04 00:12:06	 3219	 630	1644	56	 193.18	 -8	-1 	0
2025-11-04 00:12:07	 3254	 363	1517	56	 256.46	 -5	-7 	0
2025-11-04 00:12:08	 3289	 373	1284	56	 275.71	 2	-8 	0
2025-11-04 00:12:09	 3324	 372	1006	56	 278.48	 -1	-8 	0
2025-11-04 00:12:10	 3359	 394	734	40	 281.95	 1	-8 	0
2025-11-04 00:12:11	 3394	 438	738	40	 178.42	 0	4 	0
2025-11-04 00:12:12	 3429	 314	718	40	 198.28	 4	-6 	0
2025-11-04 00:12:13	 3464	 230	658	40	 171.12	 -9	0 	0
2025-11-04 00:12:14	 3499	 309	641	40	 176.40	 1	3 	0
2025-11-04 00:12:15	 3534	 479	774	40	 201.53	 6	2 	0
2025-11-04 00:12:16	 3569	 463	768	40	 203.99	 -6	-3 	0
2025-11-04 00:12:17	 3604	 247	695	40	 194.15	 -7	-2 	0
2025-11-04 00:12:18	 3639	 238	714	40	 215.82	 0	-1 	0
2025-11-04 00:12:19	 3674	 245	650	40	 10.63	 8	-4 	0
2025-11-04 00:12:20	 3709	 436	551	40	 23.07	 -5	-4 	0
2025-11-04 00:12:21	 3744	 275	559	40	 2.86	 0	5 	0
2025-11-04 00:12:22	 3779	 398	761	40	 293.73	 5	1 	0
2025-11-04 00:12:23	 3814	 659	678	56	 222.23	 6	-1 	0
2025-11-04 00:12:24	 3849	 873	805	40	 214.19	 2	6 	0
2025-11-04 00:12:25	 3884	 740	842	40	 242.75	 -6	-6 	0
2025-11-04 00:12:26	 3919	 483	834	42	 300.72	 -9	2 	0
2025-11-04 00:12:27	 3954	 292	795	40	 342.77	 -3	-7 	0
2025-11-04 00:12:28	 3989	 308	549	40	 45.31	 5	-6 	0
2025-11-04 00:12:29	 4024	 583	601	40	 156.40	 3	7 	0
2025-11-04 00:12:30	 4059	 793	850	40	 210.32	 3	7 	0
2025-11-04 00:12:31	 4094	 634	903	40	 218.80	 -10	-2 	0
2025-11-04 00:12:32	 4129	 329	813	40	 11.82	 -4	-2 	0
2025-11-04 00:12:33	 4164	 239	702	40	 10.11	 0	-7 	0
2025-11-04 00:12:34	 4199	 311	811	40	 349.89	 2	6 	0
2025-11-04 00:12:35	 4234	 380	786	40	 198.85	 -5	-6 	0
2025-11-04 00:12:36	 4269	 262	648	40	 177.63	 0	-1 	0
2025-11-04 00:12:37	 4304	 202	659	40	 164.00	 0	-1 	0
2025-11-04 00:12:38	 4339	 291	635	40	 166.11	 -2	0 	0
2025-11-04 00:12:39	 4374	 152	673	40	 194.37	 -4	0 	5
2025-11-04 00:12:40	 4409	 129	649	40	 359.78	 5	-2 	5
2025-11-04 00:12:41	 4444	 282	739	40	 0.88	 8	6 	0
2025-11-04 00:12:42	 4479	 650	859	56	 0.44	 9	1 	0
2025-11-04 00:12:43	 4514	 1015	853	40	 3.60	 7	-1 	0
2025-11-04 00:12:44	 4551	 1118	871	40	 351.34	 -5	0 	0
2025-11-04 00:12:45	 4586	 873	879	40	 357.80	 -8	-2 	0
2025-11-04 00:12:46	 4621	 967	833	40	 14.59	 7	0 	0
2025-11-04 00:12:47	 4656	 1063	658	40	 41.75	 -4	-1 	0
2025-11-04 00:12:48	 4691	 1003	769	40	 15.03	 2	8 	0
2025-11-04 00:12:49	 4726	 1135	870	40	 340.05	 0	-2 	0
2025-11-04 00:12:50	 4761	 1104	863	40	 209.18	 -3	-2 	0
2025-11-04 00:12:51	 4796	 976	772	40	 211.73	 -4	-7 	0
2025-11-04 00:12:52	 4831	 957	687	40	 96.55	 -5	0 	0
2025-11-04 00:12:53	 4866	 977	672	40	 75.50	 5	3 	0
2025-11-04 00:12:54	 4901	 1018	918	40	 95.67	 -4	8 	0
2025-11-04 00:12:55	 4936	 980	998	40	 79.45	 -1	-4 	0
2025-11-04 00:12:56	 4971	 961	1114	40	 67.32	 -5	6 	0
2025-11-04 00:12:57	 5006	 960	1090	40	 31.16	 5	0 	0
2025-11-04 00:12:58	 5041	 968	1191	40	 296.32	 -2	-1 	0
2025-11-04 00:13:24	 5862	 1104	1985	0	 254.58	 0	0 	13
2025-11-04 00:13:25	 5897	 1067	1952	0	 0.70	 1	-2 	13
2025-11-04 00:13:26	 5932	 1149	1994	0	 349.19	 4	5 	13
2025-11-04 00:13:27	 5967	 1244	1937	0	 187.25	 -6	1 	13
2025-11-04 00:13:28	 6002	 1013	1989	0	 195.56	 -6	-2 	13
2025-11-04 00:13:29	 6037	 918	1989	0	 286.57	 6	-5 	13
2025-11-04 00:13:30	 6072	 1075	1752	-16	 256.64	 -2	-9 	0
2025-11-04 00:13:31	 6107	 872	1583	38	 296.37	 -6	-3 	0
2025-11-04 00:13:32	 6142	 872	1487	40	 359.82	 -2	-6 	0
2025-11-04 00:13:33	 6177	 886	1549	40	 348.75	 2	-1 	0
2025-11-04 00:13:34	 6212	 879	1524	40	 5.58	 -3	3 	0
2025-11-04 00:13:35	 6247	 911	1497	40	 2.64	 2	1 	0
2025-11-04 00:13:36	 6282	 926	1502	40	 0.22	 5	1 	0
2025-11-04 00:13:37	 6317	 1156	1480	40	 0.00	 4	0 	0
2025-11-04 00:13:38	 6352	 1277	1512	40	 0.00	 -3	1 	0
2025-11-04 00:13:39	 6387	 1197	1464	40	 246.09	 -1	-1 	0
2025-11-04 00:13:40	 6422	 1147	1565	40	 219.11	 -4	0 	0
2025-11-04 00:13:41	 6457	 986	1551	40	 106.13	 -5	4 	0
2025-11-04 00:13:42	 6492	 1026	1589	40	 98.66	 0	-3 	0
2025-11-04 00:13:43	 6527	 877	1503	40	 74.40	 -7	3 	0
2025-11-04 00:13:44	 6562	 993	1551	40	 105.34	 1	2 	0
2025-11-04 00:13:45	 6597	 1010	1781	11	 126.74	 3	9 	0
2025-11-04 00:13:46	 6632	 930	1828	-11	 186.28	 -5	-7 	0
2025-11-04 00:13:47	 6667	 848	1797	-24	 165.94	 -1	1 	0
2025-11-04 00:13:48	 6702	 848	1865	-24	 191.07	 -1	4 	0
2025-11-04 00:13:49	 6737	 848	1797	-24	 206.32	 -1	-1 	0
2025-11-04 00:13:50	 6772	 848	1871	-24	 275.84	 -1	-1 	0
2025-11-04 00:13:51	 6807	 1004	1777	-24	 1.80	 7	3 	0
2025-11-04 00:13:52	 6842	 1263	1862	-24	 1.93	 0	0 	0
2025-11-04 00:13:53	 6877	 1263	1792	-24	 281.03	 0	-6 	0
2025-11-04 00:13:54	 6912	 1109	1786	-24	 235.20	 -6	-4 	0
2025-11-04 00:13:55	 6947	 869	1661	0	 278.44	 -8	-3 	0
2025-11-04 00:13:56	 6982	 916	1480	40	 83.58	 2	0 	0
2025-11-04 00:13:57	 7017	 1133	1559	40	 97.29	 2	2 	0
2025-11-04 00:13:58	 7052	 1147	1771	14	 146.03	 -1	8 	0
2025-11-04 00:13:59	 7087	 975	1815	-24	 172.05	 -8	1 	0
2025-11-04 00:14:00	 7122	 849	1848	-24	 330.16	 1	-4 	0
2025-11-04 00:14:01	 7157	 1069	1827	-24	 352.22	 8	2 	0
2025-11-04 00:14:02	 7192	 1263	1870	-24	 336.01	 1	1 	0
2025-11-04 00:14:03	 7227	 1263	1760	-24	 340.44	 0	-1 	0
2025-11-04 00:14:04	 7265	 1263	1760	-24	 340.84	 0	-1 	0
2025-11-04 00:14:05	 7300	 1150	1765	-24	 221.26	 -10	0 	0
2025-11-04 00:14:06	 7335	 999	1640	0	 223.64	 -6	0 	0
2025-11-04 00:14:07	 7370	 882	1550	40	 301.20	 6	-5 	0
2025-11-04 00:14:08	 7405	 1006	1478	48	 259.06	 -1	-1 	0
2025-11-04 00:14:09	 7440	 1005	1304	48	 175.91	 1	-1 	0
2025-11-04 00:14:10	 7475	 1149	1364	48	 186.68	 6	2 	0
2025-11-04 00:14:11	 7510	 1263	1374	48	 189.27	 0	-3 	0
2025-11-04 00:14:12	 7545	 1263	1320	48	 154.95	 0	-1 	0
2025-11-04 00:14:13	 7580	 1082	1322	48	 33.31	 -8	2 	0
2025-11-04 00:14:14	 7615	 915	1379	48	 36.30	 2	3 	0
2025-11-04 00:14:15	 7650	 1004	1389	48	 338.12	 5	-2 	0
2025-11-04 00:14:16	 7685	 1263	1389	48	 261.47	 0	-1 	0
2025-11-04 00:14:17	 7720	 1207	1336	48	 281.82	 0	4 	0
2025-11-04 00:14:18	 7755	 1138	1381	48	 303.93	 0	-1 	0
2025-11-04 00:14:19	 7790	 1180	1327	48	 258.27	 0	-8 	0
2025-11-04 00:14:20	 7825	 1247	1283	48	 238.14	 -1	5 	0
2025-11-04 00:14:21	 7860	 1155	1400	48	 182.24	 -7	-3 	0
2025-11-04 00:14:22	 7895	 976	1413	48	 97.08	 -1	-3 	0
2025-11-04 00:14:23	 7930	 998	1471	48	 18.06	 1	5 	0
2025-11-04 00:14:24	 7965	 1064	1503	40	 352.75	 1	-1 	0
2025-11-04 00:14:25	 8000	 981	1497	40	 18.81	 -3	1 	0
2025-11-04 00:14:26	 8035	 955	1514	40	 346.68	 -4	-1 	0
2025-11-04 00:14:27	 8070	 901	1501	40	 19.86	 -6	0 	0
2025-11-04 00:14:28	 8105	 979	1525	40	 14.15	 7	1 	0
2025-11-04 00:14:29	 8140	 1153	1573	40	 301.95	 -6	0 	0
2025-11-04 00:14:30	 8175	 933	1480	40	 263.89	 -3	0 	0
2025-11-04 00:14:31	 8210	 896	1567	40	 271.36	 1	3 	0
2025-11-04 00:14:32	 8245	 923	1544	40	 272.33	 3	-1 	0
2025-11-04 00:14:33	 8280	 984	1456	48	 272.81	 0	0 	0
2025-11-04 00:14:35	 8352	 984	1423	48	 306.43	 -2	-7 	0
2025-11-04 00:14:36	 8387	 1161	1351	48	 338.73	 7	-1 	0
2025-11-04 00:14:37	 8422	 1212	1300	48	 229.17	 -3	-2 	0
2025-11-04 00:14:38	 8457	 1049	1359	48	 180.70	 -9	0 	0
2025-11-04 00:14:39	 8492	 817	1368	48	 172.88	 -7	0 	0
2025-11-04 00:14:40	 8527	 765	1374	48	 276.15	 6	-4 	0
2025-11-04 00:14:41	 8562	 785	1340	48	 260.46	 1	4 	0
2025-11-04 00:14:42	 8600	 817	1349	48	 254.27	 0	-1 	0
2025-11-04 00:14:43	 8635	 803	1369	48	 257.30	 2	1 	0
2025-11-04 00:14:44	 8670	 804	1370	48	 273.87	 -4	0 	0
2025-11-04 00:14:45	 8705	 820	1331	48	 252.69	 2	-1 	0
2025-11-04 00:14:46	 8740	 799	1396	48	 260.42	 -1	0 	0
2025-11-04 00:14:47	 8775	 787	1304	48	 269.03	 -1	-1 	0
2025-11-04 00:14:48	 8810	 789	1304	48	 271.41	 0	-1 	0
2025-11-04 00:14:49	 8845	 779	1304	48	 272.33	 2	0 	0
2025-11-04 00:14:50	 8887	 790	1304	48	 268.99	 0	0 	0
2025-11-04 00:14:51	 8922	 775	1348	48	 236.12	 -1	-7 	0
2025-11-04 00:14:52	 8957	 945	1332	48	 243.54	 9	1 	0
2025-11-04 00:14:53	 8992	 1246	1326	48	 238.75	 1	-6 	0
2025-11-04 00:14:54	 9027	 1168	1217	48	 179.03	 0	-1 	0
2025-11-04 00:14:55	 9064	 1237	1216	48	 250.66	 0	0 	0
2025-11-04 00:14:56	 9099	 1128	1415	48	 217.00	 -2	0 	0
2025-11-04 00:14:57	 9134	 1066	1358	48	 220.39	 -9	-2 	0
2025-11-04 00:14:58	 9169	 810	1363	48	 232.82	 -2	0 	0
2025-11-04 00:14:59	 9204	 781	1304	48	 279.36	 0	-2 	0
2025-11-04 00:15:00	 9239	 787	1376	48	 205.00	 -5	0 	0
2025-11-04 00:15:01	 9274	 794	1350	48	 338.69	 6	-3 	0
2025-11-04 00:15:02	 9309	 1062	1354	48	 347.92	 7	1 	0
2025-11-04 00:15:03	 9344	 1212	1224	48	 255.06	 -4	-8 	0
2025-11-04 00:15:04	 9379	 1217	1217	48	 251.89	 0	-3 	0
2025-11-04 00:15:05	 9414	 1202	1285	48	 197.53	 -6	0 	0
2025-11-04 00:15:06	 9449	 1064	1379	48	 132.28	 -10	1 	0
2025-11-04 00:15:07	 9484	 1004	1438	48	 101.69	 0	2 	5
2025-11-04 00:15:08	 9519	 1054	1646	38	 12.74	 5	5 	0
2025-11-04 00:15:09	 9554	 1166	1871	-24	 354.95	 3	-1 	0
2025-11-04 00:15:10	 9589	 1420	1806	-24	 299.97	 7	-4 	0
2025-11-04 00:15:11	 9624	 1452	1746	-24	 185.49	 -6	5 	0
2025-11-04 00:15:12	 9659	 1343	1786	-24	 311.53	 5	0 	0
2025-11-04 00:15:13	 9694	 1532	1665	-24	 261.83	 0	-6 	0
2025-11-04 00:15:14	 9729	 1495	1700	-24	 278.57	 -2	1 	0
2025-11-04 00:15:15	 9764	 1564	1653	-24	 261.91	 2	-4 	0
2025-11-04 00:15:16	 9799	 1539	1697	-24	 260.38	 -4	7 	0
2025-11-04 00:15:17	 9834	 1476	1736	-24	 281.34	 -3	-3 	0
2025-11-04 00:15:18	 9869	 1562	1668	-24	 252.20	 6	-5 	0
2025-11-04 00:15:19	 9904	 1583	1635	-24	 243.82	 0	-1 	0
2025-11-04 11:45:11	 395	 448	752	128	 91.41	 0	-1 	0
2025-11-04 11:45:12	 430	 495	747	128	 14.06	 0	-1 	0
2025-11-04 11:45:13	 465	 522	747	128	 4.22	 4	0 	0
2025-11-04 11:45:14	 500	 697	720	128	 202.50	 0	-1 	0
2025-11-04 11:45:15	 535	 637	669	128	 180.00	 -4	-2 	0
2025-11-04 11:45:16	 570	 391	662	23	 174.38	 -11	1 	0
2025-11-04 11:45:17	 605	 410	678	16	 357.19	 13	0 	0
2025-11-04 11:45:18	 640	 604	662	112	 28.12	 1	0 	0
2025-11-04 11:45:19	 675	 768	828	128	 92.81	 2	0 	0
2025-11-04 11:45:20	 710	 597	790	128	 92.81	 -12	1 	0
2025-11-04 11:45:21	 745	 483	774	128	 91.41	 -1	0 	0
2025-11-04 11:45:23	 798	 479	782	128	 87.19	 -1	-1 	0
2025-11-04 11:45:24	 834	 467	786	128	 91.41	 -2	0 	0
2025-11-04 11:45:25	 869	 461	785	128	 354.38	 5	-1 	0
2025-11-04 11:45:26	 904	 813	783	128	 291.09	 4	0 	0
2025-11-04 11:45:27	 939	 857	789	128	 303.75	 0	-1 	0
2025-11-04 11:45:28	 974	 892	801	128	 298.12	 5	-1 	0
2025-11-04 11:45:29	 1009	 902	839	128	 137.81	 -12	1 	0
2025-11-04 11:45:30	 1044	 793	802	128	 120.94	 -1	-1 	0
2025-11-04 11:45:31	 1079	 739	783	128	 120.94	 -8	-4 	0
2025-11-04 11:45:32	 1114	 762	784	128	 109.69	 0	-2 	0
2025-11-04 11:45:33	 1149	 754	818	128	 91.41	 -1	0 	0
2025-11-04 11:45:34	 1184	 691	781	128	 80.16	 -9	-3 	0
2025-11-04 11:45:35	 1219	 523	738	128	 18.28	 3	1 	0
2025-11-04 11:45:36	 1254	 908	854	128	 108.28	 10	-2 	0
2025-11-04 11:45:37	 1289	 1067	972	128	 127.97	 -1	1 	0
2025-11-04 11:45:38	 1324	 1050	1002	128	 144.84	 -2	0 	0
2025-11-04 11:45:39	 1359	 1024	1025	128	 163.12	 1	-7 	0
2025-11-04 11:45:40	 1394	 1029	986	128	 164.53	 2	4 	0
2025-11-04 11:45:41	 1429	 983	1034	128	 181.41	 -1	0 	0
2025-11-04 11:45:42	 1468	 973	1022	128	 46.25	 -1	-1 	0
2025-11-04 11:45:54	 1821	 352	349	160	 268.59	 0	-6 	0
2025-11-04 11:45:55	 1856	 352	286	160	 267.19	 -1	-3 	0
2025-11-04 11:45:56	 1891	 278	179	160	 180.00	 -11	-3 	0
2025-11-04 11:45:57	 1926	 56	124	160	 212.34	 6	-4 	0
2025-11-04 11:45:58	 1961	 227	81	160	 168.75	 1	-1 	0
2025-11-04 11:45:59	 1996	 249	82	160	 178.59	 -5	-2 	0
2025-11-04 11:46:00	 2031	 26	85	160	 203.91	 -4	3 	0
2025-11-04 11:46:01	 2066	 -41	86	160	 227.81	 -5	-6 	0
2025-11-04 11:46:02	 2101	 -129	-7	160	 22.50	 -6	6 	0
2025-11-04 11:46:03	 2136	 -158	162	160	 351.56	 -1	2 	0
2025-11-04 11:46:04	 2171	 109	129	160	 357.19	 15	-2 	0
2025-11-04 11:46:05	 2206	 678	117	160	 8.44	 16	1 	0
2025-11-04 11:46:06	 2241	 1007	207	160	 230.62	 0	1 	0
2025-11-04 11:46:07	 2276	 880	109	160	 188.44	 -8	-4 	0
2025-11-04 11:46:09	 2323	 -102	842	56	 97.12	 -1	3 	0
2025-11-04 11:46:10	 2358	 -106	988	16	 89.17	 -1	-1 	0
2025-11-04 11:46:11	 2393	 -128	916	8	 74.49	 -5	-2 	0
2025-11-04 11:46:12	 2428	 -157	948	8	 65.21	 0	0 	0
2025-11-04 11:46:13	 2463	 -112	904	8	 77.21	 6	0 	0
2025-11-04 11:46:14	 2498	 -57	962	16	 11.95	 2	0 	0
2025-11-04 11:46:15	 2533	 47	1032	8	 25.80	 0	1 	0
2025-11-04 11:46:16	 2568	 123	1167	8	 193.32	 -2	3 	0
2025-11-04 11:46:17	 2603	 116	1131	8	 263.41	 0	-4 	0
2025-11-04 11:46:18	 2638	 50	1049	8	 218.54	 -5	1 	0
2025-11-04 11:46:19	 2673	 -188	849	8	 128.50	 -13	0 	0
2025-11-04 11:46:20	 2708	 -287	1141	8	 21.09	 6	13 	0
2025-11-04 11:46:21	 2743	 -30	1202	46	 317.33	 5	-4 	0
2025-11-04 11:46:22	 2778	 152	1039	8	 37.40	 4	0 	0
2025-11-04 11:46:23	 2813	 102	1263	24	 169.19	 0	-1 	0
2025-11-04 11:46:24	 2848	 -67	1211	48	 179.74	 -9	-1 	0
2025-11-04 11:46:25	 2883	 -302	1263	8	 72.38	 1	1 	0
2025-11-04 11:46:26	 2918	 -99	1242	48	 81.21	 8	1 	0
2025-11-04 11:46:27	 2953	 -41	1496	56	 96.28	 -1	8 	0
2025-11-04 11:46:28	 2988	 52	1618	56	 44.82	 7	1 	0
2025-11-04 11:46:29	 3023	 172	1717	56	 84.38	 2	8 	0
2025-11-04 11:46:30	 3058	 185	1677	56	 89.69	 -1	-5 	0
2025-11-04 11:46:31	 3093	 176	1773	56	 98.79	 -1	1 	0
2025-11-04 11:46:32	 3128	 182	1740	56	 98.53	 0	-3 	0
2025-11-04 11:46:33	 3163	 189	1738	56	 72.82	 0	0 	0
2025-11-04 11:46:35	 3204	 191	1742	56	 77.74	 0	0 	0
2025-11-04 11:46:36	 3239	 167	1643	56	 76.95	 -2	-8 	0
2025-11-04 11:46:37	 3274	 159	1623	56	 73.83	 1	6 	0
2025-11-04 11:46:38	 3309	 164	1645	56	 76.42	 -1	-2 	0
2025-11-04 11:46:39	 3344	 175	1685	56	 74.75	 2	8 	0
2025-11-04 11:46:40	 3379	 140	1896	48	 109.56	 -8	5 	0
2025-11-04 11:46:41	 3414	 -114	2165	48	 57.61	 -5	10 	0
2025-11-04 11:46:42	 3449	 -104	2543	48	 313.46	 -2	8 	0
2025-11-04 11:46:43	 3484	 29	2523	48	 337.32	 3	3 	0
2025-11-04 11:46:44	 3519	 -47	2538	48	 343.83	 -4	-6 	0
2025-11-04 11:46:45	 3554	 82	2471	48	 324.14	 6	-2 	0
2025-11-04 11:46:46	 3589	 219	2313	48	 319.04	 5	-6 	0
2025-11-04 11:46:47	 3624	 169	2243	48	 351.12	 2	-3 	0
2025-11-04 11:46:48	 3659	 230	2246	48	 43.59	 -1	1 	0
2025-11-04 11:46:49	 3694	 219	2294	48	 129.59	 -3	4 	0
2025-11-04 11:46:50	 3729	 179	2437	48	 254.18	 4	2 	0
2025-11-04 11:46:51	 3764	 215	2227	48	 252.51	 0	-10 	0
2025-11-04 11:46:52	 3799	 407	2096	48	 203.29	 5	1 	0
2025-11-04 11:46:53	 3834	 465	2118	48	 119.36	 -7	-1 	0
2025-11-04 11:46:54	 3869	 408	2206	48	 75.01	 2	6 	0
2025-11-04 11:46:55	 3904	 491	2413	48	 55.11	 3	5 	0
2025-11-04 11:46:56	 3939	 546	2514	48	 79.37	 0	4 	0
2025-11-04 11:46:57	 3974	 593	2665	48	 192.48	 -6	-1 	0
2025-11-04 11:46:58	 4009	 455	2561	48	 217.27	 -10	-4 	0
2025-11-04 11:46:59	 4044	 33	2452	48	 291.45	 -7	-7 	0
2025-11-04 11:47:00	 4079	 34	2130	48	 296.46	 11	-11 	0
2025-11-04 11:47:01	 4114	 209	1675	56	 351.56	 -1	-11 	0
2025-11-04 11:47:02	 4149	 436	1630	56	 1.49	 12	0 	0
2025-11-04 11:47:03	 4184	 709	1613	56	 249.48	 -2	-4 	0
2025-11-04 11:47:04	 4219	 608	1488	56	 121.64	 0	-2 	0
2025-11-04 11:47:05	 4254	 517	1552	56	 74.88	 0	-2 	0
2025-11-04 11:47:06	 4289	 719	1607	56	 167.43	 -1	2 	0
2025-11-04 11:47:07	 4324	 567	1686	56	 330.56	 -2	-1 	0
2025-11-04 11:47:08	 4359	 513	1557	56	 220.17	 -6	1 	0
2025-11-04 11:47:09	 4394	 388	1445	56	 263.98	 -1	-12 	0
2025-11-04 11:47:10	 4429	 385	1073	56	 275.98	 -1	0 	0
2025-11-04 11:47:11	 4464	 422	908	51	 322.12	 2	-5 	0
2025-11-04 11:47:12	 4499	 387	752	40	 199.42	 -8	-2 	0
2025-11-04 11:47:13	 4534	 210	664	40	 181.05	 4	-1 	0
2025-11-04 11:47:14	 4569	 361	696	40	 188.70	 -1	0 	0
2025-11-04 11:47:15	 4604	 367	702	40	 187.87	 -2	-3 	0
2025-11-04 11:47:16	 4639	 274	558	40	 62.71	 2	-7 	0
2025-11-04 11:47:17	 4674	 504	464	40	 28.56	 6	-1 	0
2025-11-04 11:47:18	 4709	 625	662	40	 21.14	 3	9 	0
2025-11-04 11:47:19	 4744	 709	859	51	 1.14	 3	1 	0
2025-11-04 11:47:20	 4779	 896	851	40	 4.35	 -2	-1 	0
2025-11-04 11:47:21	 4814	 836	793	40	 6.15	 5	3 	0
2025-11-04 11:47:22	 4849	 868	873	40	 0.04	 -3	2 	0
2025-11-04 11:47:23	 4884	 846	868	40	 356.70	 -1	-2 	0
2025-11-04 11:47:24	 4919	 841	824	40	 3.30	 0	-1 	0
2025-11-04 11:47:25	 4954	 882	797	40	 4.88	 3	4 	0
2025-11-04 11:47:26	 4989	 1029	888	40	 359.87	 6	-1 	0
2025-11-04 11:47:27	 5024	 1129	879	40	 359.17	 0	-1 	0
2025-11-04 11:47:28	 5093	 1088	881	40	 286.52	 -5	1 	0
2025-11-04 11:47:29	 5128	 1072	730	40	 250.49	 0	-7 	0
2025-11-04 11:47:30	 5163	 1011	465	40	 177.67	 -5	-9 	0
2025-11-04 11:47:31	 5198	 1029	523	40	 112.94	 2	5 	0
2025-11-04 11:47:32	 5233	 897	666	40	 177.36	 -8	1 	0
2025-11-04 11:47:33	 5268	 661	622	40	 186.20	 -6	-3 	0
2025-11-04 11:47:34	 5303	 400	591	40	 165.67	 -9	1 	0
2025-11-04 11:47:35	 5338	 218	642	40	 171.39	 5	-2 	0
2025-11-04 11:47:36	 5373	 219	669	40	 183.47	 -5	0 	0
2025-11-04 11:47:37	 5408	 114	675	40	 230.32	 -3	-3 	5
2025-11-04 11:47:38	 5443	 80	661	40	 4.00	 -1	-1 	5
2025-11-04 11:47:39	 5478	 99	660	112	 202.54	 0	0 	5
2025-11-04 11:47:40	 5513	 81	648	152	 74.18	 -1	-2 	5
2025-11-04 11:47:41	 5548	 99	675	152	 299.14	 1	-2 	5
2025-11-04 11:47:42	 5583	 168	679	152	 5.80	 4	0 	5
2025-11-04 11:47:43	 5618	 368	721	40	 20.04	 1	2 	0
2025-11-04 11:47:44	 5653	 748	829	56	 6.28	 15	2 	0
2025-11-04 11:47:45	 5688	 969	943	40	 66.18	 1	0 	0
2025-11-04 11:47:46	 5723	 1007	1014	40	 129.11	 0	-6 	0
2025-11-04 11:47:47	 5758	 997	1102	40	 116.19	 -3	6 	0
2025-11-04 11:47:48	 5793	 993	1118	40	 341.41	 6	-3 	0
2025-11-04 11:47:49	 5828	 1007	1170	40	 102.70	 -3	0 	0
2025-11-04 11:48:01	 6168	 1104	1963	0	 283.10	 0	-2 	13
2025-11-04 11:48:02	 6203	 1110	1934	0	 287.93	 0	-1 	13
2025-11-04 11:48:03	 6238	 1112	1912	16	 264.68	 0	-2 	13
2025-11-04 11:48:04	 6276	 1112	1906	16	 283.67	 -1	0 	0
2025-11-04 11:48:05	 6311	 1109	1939	11	 272.81	 -1	4 	13
2025-11-04 11:48:06	 6346	 1104	1985	0	 275.76	 -1	0 	13
2025-11-04 11:48:07	 6381	 1105	1976	0	 268.86	 -1	-1 	13
2025-11-04 11:48:08	 6416	 1070	1962	0	 282.39	 0	-6 	13
2025-11-04 11:48:09	 6451	 1008	1753	-16	 347.08	 -1	-2 	0
2025-11-04 11:48:10	 6486	 1103	1697	0	 104.46	 3	-2 	0
2025-11-04 11:48:11	 6521	 1083	1854	-24	 97.82	 -3	7 	0
2025-11-04 11:48:12	 6556	 1154	1984	0	 346.42	 6	2 	13
2025-11-04 11:48:13	 6591	 1218	1948	0	 233.61	 3	-5 	13
2025-11-04 11:48:14	 6626	 1188	2009	0	 184.70	 -7	0 	13
2025-11-04 11:48:15	 6661	 987	1999	0	 190.33	 -8	-2 	13
2025-11-04 11:48:16	 6696	 923	1965	0	 311.66	 8	0 	13
2025-11-04 11:48:17	 6731	 1058	1787	-24	 243.85	 -1	-7 	0
2025-11-04 11:48:18	 6766	 866	1646	0	 293.91	 -7	-4 	0
2025-11-04 11:48:19	 6801	 869	1507	40	 26.67	 2	0 	0
2025-11-04 11:48:20	 6836	 960	1490	40	 2.37	 2	-1 	0
2025-11-04 11:48:21	 6871	 1170	1483	40	 359.12	 7	-1 	0
2025-11-04 11:48:22	 6909	 1253	1500	40	 152.58	 -3	3 	0
2025-11-04 11:48:23	 6944	 1063	1524	40	 231.42	 -6	0 	0
2025-11-04 11:48:24	 6979	 922	1540	40	 301.20	 0	-3 	0
2025-11-04 11:48:25	 7014	 971	1496	40	 278.00	 0	2 	0
2025-11-04 11:48:26	 7049	 1006	1382	48	 27.47	 1	-4 	0
2025-11-04 11:48:27	 7084	 863	1309	48	 11.12	 -8	2 	0
2025-11-04 11:48:28	 7119	 720	1371	48	 344.44	 -1	0 	0
2025-11-04 11:48:29	 7154	 720	1390	48	 351.78	 0	0 	0
2025-11-04 11:48:30	 7189	 923	1372	48	 209.44	 9	0 	0
2025-11-04 11:48:31	 7224	 1174	1361	48	 314.08	 1	-2 	0
2025-11-04 11:48:32	 7259	 1241	1415	48	 258.66	 -1	-1 	0
2025-11-04 11:48:33	 7294	 1052	1314	48	 339.57	 -8	1 	0
2025-11-04 11:48:34	 7329	 965	1377	48	 336.62	 6	0 	0
2025-11-04 11:48:35	 7364	 1242	1404	48	 261.47	 2	2 	0
2025-11-04 11:48:36	 7399	 1125	1339	48	 302.39	 -5	4 	0
2025-11-04 11:48:37	 7434	 1208	1373	48	 254.05	 7	-1 	0
2025-11-04 11:48:38	 7469	 1230	1258	48	 179.56	 -1	-7 	0
2025-11-04 11:48:39	 7504	 1219	1278	48	 168.31	 6	0 	0
2025-11-04 11:48:40	 7539	 1178	1340	48	 200.74	 -7	3 	0
2025-11-04 11:48:41	 7574	 965	1380	48	 230.71	 -3	-5 	0
2025-11-04 11:48:42	 7609	 817	1343	48	 248.60	 -3	-3 	0
2025-11-04 11:48:43	 7644	 790	1351	48	 269.87	 -1	5 	0
2025-11-04 11:48:44	 7679	 842	1405	48	 197.49	 -4	-1 	0
2025-11-04 11:48:45	 7714	 736	1395	48	 276.20	 -1	-5 	0
2025-11-04 11:48:46	 7749	 809	1304	48	 270.22	 0	-1 	0
2025-11-04 11:48:47	 7784	 791	1304	48	 270.18	 0	0 	0
2025-11-04 11:48:48	 7819	 868	1399	48	 195.29	 0	-1 	0
2025-11-04 11:48:49	 7854	 849	1372	48	 351.08	 3	-1 	0
2025-11-04 11:48:50	 7889	 1063	1353	48	 356.79	 7	-1 	0
2025-11-04 11:48:51	 7924	 1240	1357	48	 259.45	 -4	-5 	0
2025-11-04 11:48:52	 7959	 1193	1222	48	 271.89	 -1	3 	0
2025-11-04 11:48:53	 7994	 1194	1415	48	 181.19	 -5	-1 	0
2025-11-04 11:48:54	 8029	 1050	1382	48	 127.88	 -7	0 	0
2025-11-04 11:48:55	 8064	 978	1419	48	 72.82	 0	2 	0
2025-11-04 11:48:56	 8099	 1013	1567	40	 58.84	 2	5 	0
2025-11-04 11:48:57	 8134	 1032	1808	-24	 87.89	 -3	6 	0
2025-11-04 11:48:58	 8169	 1113	1856	-24	 350.90	 3	-3 	0
2025-11-04 11:48:59	 8204	 1353	1833	-24	 291.09	 8	0 	0
2025-11-04 11:49:00	 8239	 1408	1775	-24	 239.55	 -4	-2 	0
2025-11-04 11:49:01	 8274	 1399	1760	-24	 297.33	 6	-1 	0
2025-11-04 11:49:02	 8309	 1510	1619	-24	 257.17	 2	-8 	0
2025-11-04 11:49:03	 8344	 1560	1490	-24	 236.60	 0	5 	0
2025-11-04 11:49:04	 8379	 1538	1707	-24	 276.28	 -2	5 	0
2025-11-04 11:49:05	 8414	 1410	1774	-24	 292.46	 -6	5 	0
2025-11-04 11:49:06	 8449	 1432	1769	-24	 293.73	 1	-2 	0
2025-11-04 11:49:07	 8484	 1365	1836	-24	 294.17	 -2	0 	0
2025-11-04 11:49:08	 8519	 1426	1762	-24	 294.74	 3	-7 	0
2025-11-04 11:49:09	 8554	 1529	1592	-24	 274.00	 -3	-8 	0
2025-11-04 11:49:10	 8589	 1558	1674	-24	 198.28	 1	3 	0
2025-11-04 11:49:11	 8624	 1478	1830	-24	 189.01	 -2	2 	0
2025-11-04 11:49:12	 8659	 1456	1860	-24	 192.22	 -1	0 	0
2025-11-04 11:49:15	 8755	 1468	1839	-24	 288.72	 1	-6 	0
2025-11-04 11:49:16	 8790	 1514	1603	-24	 231.99	 0	-5 	0
2025-11-04 11:49:17	 8825	 1483	1571	-24	 197.75	 -3	-2 	0
2025-11-04 11:49:18	 8860	 1405	1549	-24	 180.79	 -7	-1 	0
2025-11-04 11:49:19	 8895	 1399	1568	-24	 346.90	 5	0 	0
2025-11-04 11:49:20	 8930	 1500	1430	-24	 319.09	 1	-8 	0
2025-11-04 11:49:21	 8965	 1624	1346	-16	 351.12	 3	6 	0
2025-11-04 11:49:22	 9000	 1488	1336	-24	 343.30	 -1	-1 	0
2025-11-04 11:49:23	 9035	 1618	1351	-16	 304.98	 5	-2 	0
2025-11-04 11:49:24	 9070	 1634	1332	-16	 227.90	 -8	0 	0
2025-11-04 11:49:25	 9105	 1491	1153	-24	 216.61	 -3	-3 	0
2025-11-04 11:49:26	 9140	 1282	1074	-24	 239.28	 -11	-4 	0
2025-11-04 11:49:27	 9175	 1140	1124	-24	 293.07	 5	-2 	0
2025-11-04 11:49:28	 9210	 1361	1107	-24	 212.87	 3	2 	0
2025-11-04 11:49:29	 9245	 1544	1203	-24	 207.38	 3	5 	0
2025-11-04 11:49:30	 9280	 1533	1358	-24	 226.80	 0	0 	0
2025-11-04 11:49:31	 9315	 1502	1163	-24	 193.40	 -2	-4 	0
2025-11-04 11:49:32	 9350	 1581	1252	-24	 217.18	 4	9 	0
2025-11-04 11:49:33	 9385	 1543	1423	-24	 231.90	 1	-1 	0
2025-11-04 11:49:34	 9420	 1503	1188	-24	 215.64	 -9	-4 	0
2025-11-04 11:49:35	 9455	 1352	1120	-24	 246.84	 -10	-5 	0
2025-11-04 11:49:36	 9490	 1118	971	8	 318.34	 1	-7 	0
2025-11-04 11:49:37	 9525	 1056	934	8	 351.61	 -1	-1 	0
2025-11-04 11:49:38	 9560	 1120	868	8	 356.00	 2	3 	0
2025-11-04 11:49:39	 9595	 1145	1061	-24	 310.47	 -1	6 	0
2025-11-04 11:49:40	 9630	 1098	907	8	 331.00	 -5	-2 	0
2025-11-04 11:49:41	 9665	 1190	925	8	 268.77	 2	-6 	0
2025-11-04 11:49:42	 9700	 1259	913	8	 17.53	 -4	1 	0
2025-11-04 11:49:43	 9735	 1127	1016	-5	 98.66	 -6	5 	0
2025-11-04 11:49:44	 9770	 1141	1125	-24	 238.97	 7	-2 	0
2025-11-04 11:49:45	 9805	 1136	1116	-24	 184.35	 -8	-1 	0
2025-11-04 11:49:46	 9840	 1110	1084	-24	 207.51	 5	-3 	0
2025-11-04 11:49:47	 9875	 1086	1084	-24	 169.72	 -3	0 	0
2025-11-04 11:49:48	 9910	 1061	1123	-24	 222.36	 2	1 	0
2025-11-04 11:49:49	 9945	 1064	1059	-24	 164.97	 1	-2 	0
2025-11-04 11:49:50	 9980	 1056	1077	-24	 174.42	 0	0 	0
2025-11-04 11:49:51	 10015	 1123	1041	-24	 261.56	 1	3 	0
2025-11-04 11:49:52	 10050	 1187	1098	-24	 284.15	 3	-5 	0
2025-11-04 11:49:53	 10085	 1258	910	8	 324.67	 4	-5 	0
2025-11-04 11:49:54	 10120	 1538	819	8	 251.59	 8	-6 	0
2025-11-04 11:49:55	 10155	 1583	572	8	 235.24	 0	-10 	0
2025-11-04 11:49:56	 10190	 1576	244	8	 185.45	 0	-10 	0
2025-11-04 11:49:57	 10225	 1528	243	8	 165.85	 2	0 	0
2025-11-04 11:49:58	 10260	 1583	398	8	 200.13	 0	-1 	0
2025-11-04 11:49:59	 10295	 1580	353	8	 114.61	 -2	2 	0
2025-11-04 11:50:00	 10330	 1578	586	8	 135.26	 1	9 	0
2025-11-04 11:50:01	 10365	 1465	865	8	 235.24	 -9	3 	0
2025-11-04 11:50:02	 10400	 1198	797	8	 291.88	 -4	-4 	0
2025-11-04 11:50:03	 10435	 1347	631	-40	 266.18	 2	-7 	0
2025-11-04 11:50:04	 10470	 1340	478	-32	 204.65	 -2	-7 	0
2025-11-04 11:50:05	 10505	 1179	328	-32	 118.08	 1	-1 	0
2025-11-04 11:50:06	 10540	 1283	379	-32	 160.09	 -1	7 	0
2025-11-04 11:50:07	 10575	 1342	328	-32	 170.86	 -1	-1 	0
2025-11-04 11:50:08	 10610	 1283	339	-32	 186.06	 2	1 	0
2025-11-04 11:50:09	 10645	 1343	557	-32	 256.90	 -1	4 	0
2025-11-04 11:50:10	 10680	 1380	688	-40	 304.28	 4	-1 	0
2025-11-04 11:50:11	 10715	 1434	502	-40	 157.90	 -3	-4 	0
2025-11-04 11:50:12	 10750	 1350	631	-40	 244.47	 -4	-2 	0
2025-11-04 11:50:13	 10785	 1328	567	-32	 253.65	 -1	-5 	0
2025-11-04 11:50:14	 10820	 1343	334	-32	 174.64	 0	-7 	0
2025-11-04 11:50:15	 10855	 1204	351	-32	 101.87	 -3	4 	0
2025-11-04 11:50:16	 10890	 1342	439	-32	 109.20	 4	3 	0
2025-11-04 11:50:17	 10925	 1318	585	-32	 155.39	 -2	2 	0
2025-11-04 11:50:18	 10960	 1072	622	-32	 48.08	 -3	0 	0
2025-11-04 11:50:19	 10995	 1170	781	8	 54.49	 4	6 	0
2025-11-04 11:50:20	 11030	 1332	859	8	 331.61	 6	-3 	0
2025-11-04 11:50:21	 11065	 1583	756	8	 173.94	 -2	1 	0
2025-11-04 11:50:22	 11100	 1381	842	8	 142.21	 -7	3 	0
2025-11-04 11:50:23	 11135	 1315	960	8	 143.04	 -2	3 	0
2025-11-04 11:50:24	 11170	 1104	1026	-16	 146.16	 -1	1 	0
2025-11-04 11:50:25	 11205	 1056	1043	-24	 177.19	 -1	-4 	0
2025-11-04 11:50:26	 11240	 1056	1084	-24	 257.92	 -1	3 	0
2025-11-04 11:50:27	 11275	 1139	1014	-8	 267.23	 6	-8 	0
2025-11-04 11:50:28	 11310	 1170	888	8	 267.01	 -7	-1 	0
2025-11-04 11:50:29	 11345	 1103	866	8	 265.21	 -2	-2 	0
2025-11-04 11:50:30	 11380	 1064	841	8	 267.50	 1	-1 	0
2025-11-04 11:50:31	 11417	 1080	837	8	 266.57	 0	-1 	0
2025-11-04 11:50:32	 11452	 1085	837	8	 266.75	 3	-1 	0
2025-11-04 11:50:33	 11487	 1190	832	8	 266.84	 0	-1 	0
2025-11-04 11:50:35	 11533	 1194	833	8	 266.79	 0	0 	0
2025-11-04 11:50:36	 11568	 1236	906	8	 111.09	 -3	-1 	0
2025-11-04 11:50:37	 11603	 1154	1057	-24	 19.38	 -2	5 	0
2025-11-04 11:50:38	 11638	 1113	1045	-24	 293.47	 1	-6 	0
2025-11-04 11:50:39	 11673	 1244	817	8	 287.53	 5	-8 	0
2025-11-04 11:50:40	 11708	 1361	584	-40	 247.37	 -1	-1 	0
2025-11-04 11:50:41	 11743	 1291	415	-32	 193.18	 -6	-10 	0
2025-11-04 11:50:42	 11778	 1168	349	-32	 95.54	 -1	3 	0
2025-11-04 11:50:43	 11813	 1168	382	-32	 267.67	 -1	-5 	0
2025-11-04 11:50:44	 11848	 1263	328	-32	 325.20	 5	-1 	0
2025-11-04 11:50:45	 11883	 1293	332	-32	 169.67	 -7	0 	0
2025-11-04 11:50:46	 11918	 1222	446	-32	 42.41	 2	-2 	0
2025-11-04 11:50:47	 11953	 1335	502	-32	 103.23	 0	5 	0
2025-11-04 11:50:48	 11988	 1177	648	-24	 104.15	 -8	2 	0
2025-11-04 11:50:49	 12023	 1124	865	8	 121.99	 1	7 	0
2025-11-04 11:50:50	 12058	 1105	1127	-24	 209.53	 -4	-1 	0
2025-11-04 11:50:51	 12093	 1056	1067	-24	 131.62	 -1	2 	0
2025-11-04 11:50:52	 12128	 1056	1112	-24	 326.25	 1	1 	0
2025-11-04 11:50:53	 12163	 1219	1089	-24	 12.22	 7	0 	0
2025-11-04 11:50:54	 12198	 1543	1140	-24	 104.94	 7	4 	0
2025-11-04 11:50:55	 12233	 1609	1351	-16	 347.87	 5	2 	0
2025-11-04 11:50:56	 12268	 1769	1308	-32	 204.17	 1	1 	0
2025-11-04 11:50:57	 12303	 1584	1376	-16	 99.89	 -4	4 	0
2025-11-04 11:50:58	 12338	 1552	1576	-24	 143.92	 -1	9 	0
2025-11-04 11:50:59	 12373	 1425	1799	-24	 187.25	 -8	3 	0
2025-11-04 11:51:00	 12408	 1128	1822	-24	 245.13	 -9	-2 	0
2025-11-04 11:51:01	 12443	 914	1648	0	 214.15	 -8	-3 	0
2025-11-04 11:51:02	 12478	 957	1503	40	 288.98	 5	-6 	0
2025-11-04 11:51:03	 12513	 976	1408	48	 240.91	 -2	-3 	0
2025-11-04 11:51:04	 12548	 836	1304	48	 241.83	 -6	-1 	0
2025-11-04 11:51:05	 12583	 799	1305	48	 10.85	 1	1 	0
2025-11-04 11:51:06	 12618	 959	1399	48	 65.43	 1	0 	0
2025-11-04 11:51:07	 12653	 975	1399	48	 87.80	 0	0 	0
2025-11-04 11:51:08	 12688	 981	1420	48	 95.89	 -1	2 	0
2025-11-04 11:51:09	 12723	 977	1592	40	 54.80	 -1	7 	0
2025-11-04 11:51:10	 12758	 1072	1838	-24	 9.76	 5	4 	0
2025-11-04 11:51:11	 12793	 1284	1806	-24	 338.82	 7	-4 	8
2025-11-04 11:51:12	 12828	 1518	1753	-24	 260.02	 -1	-4 	0
2025-11-04 11:51:13	 12863	 1532	1509	-24	 284.72	 1	-9 	0
2025-11-04 11:51:14	 12898	 1596	1360	-16	 322.16	 4	-3 	0
2025-11-04 11:51:15	 12933	 1753	1254	-40	 274.70	 1	3 	0
2025-11-04 11:51:16	 12968	 1710	1299	-24	 260.60	 -1	1 	0
2025-11-04 11:51:17	 13003	 1661	1377	-16	 276.99	 -8	2 	0
2025-11-04 11:51:18	 13038	 1566	1356	-24	 305.90	 4	-5 	0
2025-11-04 11:51:19	 13073	 1755	1195	-40	 281.95	 0	-8 	0
2025-11-04 11:51:20	 13108	 1656	955	-40	 337.54	 0	-3 	0
2025-11-04 11:51:21	 13143	 1640	907	-40	 75.85	 0	0 	0
2025-11-04 11:51:22	 13178	 1757	1032	-40	 43.59	 1	7 	0
2025-11-04 11:51:23	 13213	 1796	1067	-40	 320.84	 3	-9 	0
2025-11-04 11:51:24	 13248	 1806	1029	-40	 9.89	 -2	0 	0
2025-11-04 11:51:25	 13283	 1749	968	-40	 144.58	 -6	3 	0
2025-11-04 11:51:26	 13318	 1652	1142	-40	 214.28	 -2	1 	0
2025-11-04 11:51:27	 13353	 1656	991	-40	 106.52	 -1	-6 	0
2025-11-04 11:51:28	 13388	 1728	939	-40	 25.75	 7	2 	0
2025-11-04 11:51:29	 13423	 1941	904	-40	 91.41	 0	-1 	0
2025-11-04 11:51:30	 13458	 1781	964	-40	 354.29	 -7	0 	0
2025-11-04 11:51:31	 13493	 1744	941	-40	 38.67	 8	-2 	0
2025-11-04 11:51:32	 13528	 1929	904	-40	 92.81	 -1	-1 	0
2025-11-04 11:51:33	 13563	 1904	907	-40	 94.22	 4	2 	0
2025-11-04 11:51:34	 13598	 1937	1076	-40	 123.31	 -3	5 	0
2025-11-04 11:51:35	 13633	 1899	1167	-40	 312.58	 0	0 	0
2025-11-04 11:51:36	 13668	 1982	1153	-40	 297.91	 -1	0 	0
2025-11-04 11:51:37	 13703	 1985	1035	-40	 310.17	 1	-6 	0
2025-11-04 11:51:38	 13738	 1933	907	-40	 282.57	 -7	-3 	0
2025-11-04 11:51:39	 13773	 1882	919	-40	 113.95	 3	2 	0
2025-11-04 11:51:40	 13808	 1969	1043	-40	 144.76	 -5	1 	0
2025-11-04 11:51:41	 13843	 1905	922	-40	 151.96	 -6	-6 	0
2025-11-04 11:51:42	 13878	 1699	1008	-40	 141.11	 -8	5 	0
2025-11-04 11:51:43	 13913	 1720	1099	-40	 12.08	 1	-4 	0
2025-11-04 11:51:44	 13948	 1749	1063	-40	 16.04	 1	0 	0
2025-11-04 11:51:45	 13983	 1769	1068	-40	 64.42	 0	0 	0
2025-11-04 11:51:46	 14018	 1823	1079	-40	 72.51	 -1	1 	0
2025-11-04 11:51:47	 14053	 1749	1130	-40	 11.65	 -6	-5 	0
2025-11-04 11:51:48	 14088	 1720	906	-40	 29.66	 4	1 	0
2025-11-04 11:51:49	 14123	 1999	1039	-40	 94.88	 0	-2 	0
2025-11-04 11:51:50	 14158	 1926	912	-40	 164.44	 -7	-1 	0
2025-11-04 11:51:51	 14193	 1780	1014	-40	 106.66	 -1	6 	0
2025-11-04 11:51:52	 14228	 1753	1159	-40	 106.39	 0	-2 	0
2025-11-04 11:51:53	 14263	 1720	1247	-32	 151.22	 -3	7 	0
2025-11-04 11:51:54	 14298	 1535	1331	-24	 243.15	 -4	-4 	0
2025-11-04 11:51:55	 14333	 1388	1135	-24	 207.16	 -10	0 	0
2025-11-04 11:51:56	 14368	 1181	1117	-24	 194.37	 -9	-1 	0
2025-11-04 11:51:57	 14403	 1056	1041	-24	 194.37	 0	-2 	0
2025-11-04 11:51:58	 14438	 1105	1029	-16	 286.88	 1	-2 	0
2025-11-04 11:51:59	 14473	 1246	931	8	 301.86	 7	-3 	0
2025-11-04 11:52:00	 14508	 1466	826	8	 275.10	 9	-4 	0
2025-11-04 11:52:01	 14543	 1583	569	8	 234.32	 1	-11 	0
2025-11-04 11:52:02	 14578	 1565	268	8	 179.96	 -4	-7 	0
2025-11-04 11:52:03	 14613	 1392	253	-40	 184.92	 -1	-1 	0
2025-11-04 11:52:04	 14648	 1431	378	-40	 90.62	 0	7 	0
2025-11-04 11:52:05	 14683	 1339	667	-40	 237.92	 -8	4 	0
2025-11-04 11:52:06	 14718	 1319	584	-40	 273.47	 0	-1 	0
2025-11-04 11:52:07	 14753	 1343	417	-32	 194.99	 -1	-4 	0
2025-11-04 11:52:08	 14788	 1307	455	-32	 90.04	 4	7 	0
2025-11-04 11:52:09	 14823	 1260	635	-40	 191.29	 -5	-5 	0
2025-11-04 11:52:10	 14858	 1141	723	0	 110.70	 -2	6 	0
2025-11-04 11:52:11	 14893	 1085	934	8	 84.86	 4	4 	0
2025-11-04 11:52:12	 14928	 1282	1109	-24	 12.48	 6	5 	0
2025-11-04 11:52:13	 14963	 1445	1084	-24	 136.27	 -2	-3 	0
2025-11-04 11:52:14	 14998	 1301	1032	-24	 64.07	 -1	0 	0
2025-11-04 11:52:15	 15033	 1503	1140	-24	 93.30	 6	4 	0
2025-11-04 11:52:16	 15068	 1502	1353	-24	 200.70	 -2	2 	0
2025-11-04 11:52:17	 15103	 1564	1527	-24	 281.03	 -5	7 	0
2025-11-04 11:52:18	 15138	 1546	1521	-24	 246.80	 0	-7 	0
2025-11-04 11:52:19	 15173	 1582	1574	-24	 186.59	 -2	-2 	0
2025-11-04 11:52:20	 15208	 1530	1418	-24	 201.09	 5	-6 	0
2025-11-04 11:52:21	 15243	 1441	1317	-24	 175.21	 -3	-2 	0
2025-11-04 11:52:22	 15278	 1405	1329	-24	 85.61	 5	-1 	0
2025-11-04 11:52:23	 15313	 1519	1469	-24	 161.10	 -5	6 	0
2025-11-04 11:52:24	 15348	 1360	1554	-24	 248.91	 -1	-2 	0
2025-11-04 11:52:25	 15383	 1498	1567	-24	 97.87	 7	4 	0
2025-11-04 11:52:26	 15418	 1488	1714	-24	 163.87	 -6	5 	0
2025-11-04 11:52:27	 15453	 1233	1805	-24	 233.13	 -10	-2 	0
2025-11-04 11:52:28	 15488	 1011	1640	0	 323.48	 -2	-1 	0
2025-11-04 11:52:29	 15523	 870	1592	26	 347.83	 -6	0 	0
2025-11-04 11:52:30	 15558	 873	1505	40	 318.60	 5	-4 	0
2025-11-04 11:52:31	 15593	 975	1480	40	 255.67	 2	-1 	0
2025-11-04 11:52:32	 15628	 869	1333	48	 235.99	 -10	-3 	0
2025-11-04 11:52:33	 15663	 803	1304	48	 258.44	 -1	-1 	0
2025-11-04 11:52:34	 15698	 785	1304	48	 270.35	 -2	-1 	0
2025-11-04 11:52:35	 15733	 787	1331	48	 338.12	 -4	5 	0
2025-11-04 11:52:36	 15768	 808	1398	48	 247.50	 0	0 	0
2025-11-04 11:52:37	 15803	 1006	1350	48	 352.31	 8	-2 	0
2025-11-04 11:52:38	 15838	 1260	1338	48	 251.19	 -2	-5 	0
2025-11-04 11:52:39	 15873	 1208	1218	48	 210.63	 1	1 	0
2025-11-04 11:52:40	 15908	 1090	1390	48	 163.96	 -8	2 	0
2025-11-04 11:52:41	 15943	 941	1396	48	 67.32	 1	-1 	0
2025-11-04 11:52:42	 15978	 990	1419	48	 113.60	 2	5 	0
2025-11-04 11:52:43	 16013	 1029	1680	26	 101.43	 2	9 	0
2025-11-04 11:52:44	 16048	 1105	1865	-18	 350.86	 0	-4 	0
2025-11-04 11:52:45	 16083	 1299	1813	-24	 328.10	 7	-1 	0
2025-11-04 11:52:46	 16118	 1539	1639	-24	 260.51	 1	-9 	0
2025-11-04 11:52:47	 16153	 1558	1459	-24	 277.73	 -3	-8 	0
2025-11-04 11:52:48	 16188	 1581	1311	-24	 348.88	 5	-2 	0
2025-11-04 11:52:49	 16223	 1745	1264	-32	 272.68	 1	-3 	0
2025-11-04 11:52:50	 16258	 1765	1216	-40	 256.64	 -2	-4 	0
2025-11-04 11:52:51	 16293	 1812	1148	-40	 307.97	 -3	1 	0
2025-11-04 11:52:52	 16328	 1656	1120	-40	 270.53	 0	-2 	0
2025-11-04 11:52:53	 16363	 1640	920	-40	 144.32	 0	-1 	0
2025-11-04 11:52:54	 16398	 1834	944	-40	 19.20	 7	1 	0
2025-11-04 11:52:55	 16433	 1977	1040	-40	 122.87	 -5	1 	0
2025-11-04 11:52:56	 16468	 1913	1035	-40	 235.46	 1	-9 	0
2025-11-04 11:52:57	 16503	 1844	958	-40	 113.51	 -4	5 	0
2025-11-04 11:52:58	 16538	 1734	1083	-40	 147.44	 -6	5 	0
2025-11-04 11:52:59	 16573	 1698	1168	-40	 75.37	 5	1 	0
2025-11-04 11:53:00	 16608	 1661	1377	-16	 186.72	 -4	0 	0
2025-11-04 11:53:01	 16643	 1521	1240	-24	 222.76	 -1	-10 	0
2025-11-04 11:53:02	 16678	 1325	1090	-24	 262.44	 -4	-2 	0
2025-11-04 11:53:03	 16713	 1158	1024	-16	 253.83	 -4	-7 	0
2025-11-04 11:53:04	 16748	 1158	819	8	 267.19	 0	-8 	0
2025-11-04 11:53:05	 16783	 1161	584	-40	 269.60	 -1	-1 	0
2025-11-04 11:53:06	 16818	 1160	722	0	 270.97	 -1	7 	0
2025-11-04 11:53:07	 16853	 1157	857	8	 271.27	 -1	0 	0
2025-11-04 11:53:08	 16888	 1160	721	0	 271.10	 0	-9 	0
2025-11-04 11:53:09	 16923	 1275	605	-40	 322.60	 7	-1 	0
2025-11-04 11:53:10	 16958	 1283	422	-32	 139.44	 -10	-4 	0
2025-11-04 11:53:11	 16993	 1168	447	-32	 246.84	 -1	-2 	0
2025-11-04 11:53:12	 17028	 1289	328	-32	 182.42	 6	-1 	0
2025-11-04 11:53:13	 17063	 1284	340	-32	 315.97	 -6	3 	0
2025-11-04 11:53:14	 17098	 1343	471	-32	 231.33	 -1	-1 	0
2025-11-04 11:53:15	 17133	 1244	382	-32	 277.29	 -1	-6 	0
2025-11-04 11:53:16	 17168	 1272	328	-32	 146.16	 3	-1 	0
2025-11-04 11:53:17	 17203	 1343	328	-32	 160.00	 0	-1 	0
2025-11-04 11:53:18	 17246	 1280	401	-32	 122.30	 -5	6 	0
2025-11-04 11:53:19	 17281	 1201	391	-32	 210.59	 -3	-9 	0
2025-11-04 11:53:20	 17316	 1168	328	-32	 269.08	 -1	-1 	0
2025-11-04 11:53:21	 17351	 1316	328	-32	 270.57	 7	-1 	0
2025-11-04 11:53:22	 17386	 1341	331	-32	 111.84	 -1	0 	0
2025-11-04 11:55:08	 20977	 1305	352	-32	 203.77	 -4	-4 	0
2025-11-04 11:55:09	 21012	 1192	365	-32	 124.72	 5	2 	0
2025-11-04 11:55:10	 21047	 1298	328	-32	 135.44	 3	-1 	0
2025-11-04 11:55:11	 21083	 1323	434	-32	 178.42	 2	4 	0
2025-11-04 11:55:12	 21118	 1282	483	-32	 302.21	 0	-3 	0
2025-11-04 11:55:13	 21153	 1339	346	-32	 241.44	 -2	-5 	0
2025-11-04 11:57:24	 25534	 1328	328	-32	 246.18	 -1	-1 	0
2025-11-04 11:57:25	 25569	 1249	368	-32	 82.53	 -2	-2 	0
2025-11-04 11:57:26	 25604	 1343	504	-32	 103.05	 -1	1 	0
2025-11-04 11:57:27	 25639	 1295	603	-40	 121.99	 -5	-1 	0
2025-11-04 11:57:28	 25674	 1139	767	8	 18.68	 1	5 	0
2025-11-04 11:57:29	 25709	 1347	822	8	 346.95	 7	-2 	0
2025-11-04 11:57:30	 25744	 1560	628	8	 283.84	 4	-14 	0
2025-11-04 11:57:31	 25779	 1583	458	8	 204.79	 0	-5 	0
2025-11-04 11:57:32	 25814	 1583	288	8	 187.95	 0	-2 	0
2025-11-04 11:57:33	 25849	 1318	242	0	 185.58	 -15	-5 	0
2025-11-04 11:57:34	 25884	 1128	152	0	 21.23	 -3	-1 	0
2025-11-04 11:57:35	 25919	 1177	166	0	 87.89	 -4	2 	0
2025-11-04 11:57:36	 25954	 1123	324	16	 85.74	 0	5 	0
2025-11-04 11:57:37	 25989	 1170	483	48	 88.77	 1	-2 	0
2025-11-04 11:57:38	 26024	 1170	475	48	 89.74	 -1	5 	0
2025-11-04 11:57:39	 26059	 1167	658	-24	 108.68	 -2	5 	0
2025-11-04 11:57:40	 26094	 1113	850	8	 73.52	 1	7 	0
2025-11-04 11:57:41	 26129	 1221	1111	-24	 339.57	 8	5 	0
2025-11-04 11:57:42	 26164	 1314	1077	-24	 215.11	 5	0 	0
2025-11-04 11:57:43	 26199	 1188	1091	-24	 262.97	 -8	-3 	0
2025-11-04 11:57:44	 26234	 1139	1062	-24	 329.28	 4	5 	0
2025-11-04 11:57:45	 26269	 1176	920	8	 21.36	 -5	-10 	0
2025-11-04 11:57:46	 26304	 1129	799	8	 62.89	 4	3 	0
2025-11-04 11:57:47	 26339	 1319	828	8	 28.83	 4	1 	0
2025-11-04 11:58:10	 27173	 1367	834	8	 66.71	 0	-2 	0
2025-11-04 11:58:11	 27208	 1361	807	8	 73.52	 1	4 	0
2025-11-04 11:59:21	 29625	 1441	920	8	 57.52	 0	0 	0
2025-11-04 11:59:22	 29660	 1519	941	8	 297.91	 2	-1 	0
2025-11-04 11:59:23	 29695	 1438	874	8	 192.83	 -7	-2 	0
2025-11-04 11:59:24	 29730	 1107	844	8	 183.08	 -8	-4 	0
2025-11-04 11:59:25	 29765	 807	807	8	 62.36	 3	-6 	0
2025-11-04 11:59:26	 29800	 987	804	8	 350.29	 7	1 	0
2025-11-04 11:59:27	 29835	 1166	899	8	 346.25	 3	5 	0
2025-11-04 11:59:28	 29870	 1207	899	8	 268.59	 -1	-7 	0
2025-11-04 11:59:29	 29905	 1022	836	8	 33.97	 -4	4 	1
2025-11-04 11:59:30	 29940	 1153	894	8	 86.04	 1	5 	0
2025-11-04 11:59:31	 29975	 1118	1100	-24	 185.89	 -9	4 	0
2025-11-04 11:59:32	 30010	 1056	1041	-24	 199.69	 -1	2 	0
2025-11-04 11:59:33	 30045	 1056	1083	-24	 199.69	 -1	-4 	0
2025-11-04 11:59:34	 30080	 1056	1055	-24	 204.08	 -2	-1 	0
2025-11-04 11:59:35	 30115	 1056	1112	-24	 236.03	 -1	-4 	0
2025-11-04 11:59:36	 30150	 1056	1063	-24	 172.92	 0	-1 	0
2025-11-04 11:59:37	 30185	 1184	1082	-24	 355.30	 4	-1 	0
2025-11-04 11:59:38	 30220	 1479	1187	-24	 79.80	 5	4 	0
2025-11-04 11:59:39	 30255	 1497	1537	-24	 140.54	 -1	4 	0
2025-11-04 11:59:40	 30290	 1482	1707	-24	 134.21	 -5	7 	0
2025-11-04 11:59:41	 30325	 1109	1759	-16	 242.45	 -5	-2 	0
2025-11-04 11:59:42	 30360	 855	1638	8	 294.26	 -5	-6 	0
2025-11-04 11:59:43	 30395	 972	1484	40	 289.86	 1	0 	0
2025-11-04 11:59:44	 30430	 963	1384	48	 249.96	 -5	-4 	0
2025-11-04 11:59:45	 30465	 807	1304	48	 268.42	 -1	0 	0
2025-11-04 11:59:46	 30500	 799	1304	48	 268.90	 0	0 	0
2025-11-04 11:59:47	 30535	 798	1230	48	 195.29	 0	-1 	0
2025-11-04 11:59:48	 30570	 800	1228	48	 170.95	 0	-1 	0
2025-11-04 11:59:49	 30610	 800	1290	48	 149.63	 2	7 	0
2025-11-04 11:59:50	 30645	 835	1383	48	 1.98	 6	-4 	0
2025-11-04 11:59:51	 30680	 1029	1383	48	 106.79	 -5	4 	0
2025-11-04 11:59:52	 30715	 976	1467	48	 54.93	 1	2 	0
2025-11-04 11:59:53	 30750	 1083	1714	0	 148.62	 -5	3 	0
2025-11-04 11:59:54	 30785	 696	1828	-24	 212.30	 -15	-3 	0
2025-11-04 11:59:55	 30820	 467	1769	-24	 291.18	 1	1 	0
2025-11-04 11:59:56	 30855	 686	1846	-24	 211.29	 6	2 	0
2025-11-04 11:59:57	 30890	 747	1838	-24	 204.61	 -8	0 	0
2025-11-04 11:59:58	 30925	 608	1827	-24	 263.28	 -6	-6 	0
2025-11-04 11:59:59	 30960	 466	1709	-24	 289.95	 1	3 	0
2025-11-04 12:00:00	 30995	 515	1599	-24	 318.47	 1	-7 	0
2025-11-04 12:00:01	 31030	 539	1579	-24	 283.71	 -4	0 	0
2025-11-04 12:00:02	 31065	 579	1524	-16	 359.30	 -1	-1 	0
2025-11-04 12:00:03	 31100	 544	1559	-24	 286.79	 -5	4 	0
2025-11-04 12:00:04	 31135	 499	1403	-24	 262.49	 0	-8 	0
2025-11-04 12:00:05	 31170	 490	1295	-24	 179.21	 -2	-1 	0
2025-11-04 12:00:06	 31205	 302	1286	-72	 186.77	 -8	-1 	0
2025-11-04 12:00:07	 31240	 294	1300	-88	 267.23	 3	-2 	0
2025-11-04 12:00:08	 31275	 465	1208	-16	 343.43	 6	2 	0
2025-11-04 12:00:09	 31310	 486	1285	-24	 186.02	 -3	-1 	0
2025-11-04 12:00:10	 31345	 288	1271	-88	 177.76	 0	-1 	0
2025-11-04 12:00:11	 31390	 452	1259	-16	 286.35	 2	-5 	0
2025-11-04 12:00:12	 31425	 561	1107	-24	 10.46	 6	-8 	0
2025-11-04 12:00:13	 31460	 825	1074	-24	 336.23	 9	3 	0
2025-11-04 12:00:14	 31495	 894	1098	-24	 276.59	 -4	0 	0
2025-11-04 12:00:15	 31530	 686	1087	-24	 353.72	 -7	-6 	0
2025-11-04 12:00:16	 31565	 782	1090	-24	 351.61	 7	1 	0
2025-11-04 12:00:17	 31600	 965	1063	-24	 244.38	 0	-7 	0
2025-11-04 12:00:18	 31635	 934	914	-16	 182.86	 0	0 	0
2025-11-04 12:00:19	 31670	 737	904	-24	 237.08	 -8	-1 	0
2025-11-04 12:00:20	 31705	 635	935	-24	 268.59	 3	0 	0
2025-11-04 12:00:21	 31740	 687	814	-24	 223.64	 2	-8 	0
2025-11-04 12:00:22	 31775	 536	728	-29	 109.38	 -9	0 	0
2025-11-04 12:00:23	 31810	 518	743	-88	 303.27	 -2	-1 	0
2025-11-04 12:00:24	 31845	 460	654	-96	 273.34	 -3	-7 	0
2025-11-04 12:00:25	 31880	 519	534	-88	 358.64	 6	1 	0
2025-11-04 12:00:26	 31915	 729	599	-96	 346.60	 8	2 	0
2025-11-04 12:00:27	 31950	 656	608	-96	 348.31	 -4	-6 	0
2025-11-04 12:00:28	 31985	 588	569	-96	 4.61	 0	2 	0
2025-11-04 12:00:29	 32020	 793	591	-96	 355.43	 8	-1 	0
2025-11-04 12:00:30	 32055	 914	582	-88	 173.36	 -6	0 	0
2025-11-04 12:00:31	 32090	 673	592	-96	 169.37	 -9	-1 	0
2025-11-04 12:00:32	 32125	 436	647	-96	 68.73	 -1	6 	0
2025-11-04 12:00:33	 32160	 514	743	-88	 148.67	 0	-1 	0
2025-11-04 12:00:34	 32195	 378	743	-88	 55.20	 0	0 	0
2025-11-04 12:00:35	 32230	 419	717	-88	 78.22	 0	-3 	0
2025-11-04 12:00:36	 32265	 433	743	-88	 120.37	 -2	0 	0
2025-11-04 12:00:37	 32300	 367	919	-96	 165.23	 -6	3 	0
2025-11-04 12:00:38	 32335	 341	962	-88	 283.32	 3	-1 	0
2025-11-04 12:00:39	 32370	 421	964	-88	 244.69	 7	4 	0
2025-11-04 12:00:40	 32405	 548	908	-96	 196.66	 -1	2 	0
2025-11-04 12:00:41	 32440	 306	938	-96	 276.94	 -9	-4 	0
2025-11-04 12:00:42	 32475	 261	866	-96	 14.41	 6	1 	0
2025-11-04 12:00:43	 32510	 530	961	-88	 8.57	 5	2 	0
2025-11-04 12:00:44	 32545	 492	904	-88	 7.21	 -7	1 	0
2025-11-04 12:00:45	 32580	 266	983	-88	 126.34	 -8	-1 	0
2025-11-04 12:00:46	 32615	 168	968	-88	 84.64	 1	6 	0
2025-11-04 12:00:47	 32650	 184	1212	-96	 141.99	 1	1 	0
2025-11-04 12:00:48	 32685	 148	1133	-88	 55.85	 1	3 	0
2025-11-04 12:00:49	 32720	 164	1320	-88	 35.24	 -1	1 	0
2025-11-04 12:00:50	 32758	 237	1290	-88	 341.63	 -3	0 	0
2025-11-04 12:00:51	 32793	 251	1271	-88	 359.65	 9	-1 	0
2025-11-04 12:00:52	 32828	 534	1339	-24	 268.15	 3	3 	0
2025-11-04 12:00:53	 32863	 527	1271	-24	 74.00	 -5	-2 	0
2025-11-04 12:00:54	 32898	 537	1449	-24	 50.54	 -3	7 	0
2025-11-04 12:00:55	 32933	 503	1552	-24	 327.52	 -5	-2 	0
2025-11-04 12:00:56	 32968	 535	1377	-24	 217.66	 -2	-7 	0
2025-11-04 12:00:57	 33003	 528	1213	-24	 163.12	 3	2 	0
2025-11-04 12:00:58	 33038	 529	1404	-24	 40.43	 2	6 	0
2025-11-04 12:00:59	 33073	 561	1547	-16	 256.20	 6	0 	0
2025-11-04 12:01:00	 33108	 549	1516	-21	 33.27	 -4	-3 	0
2025-11-04 12:01:01	 33143	 692	1546	-16	 96.46	 6	3 	0
2025-11-04 12:01:02	 33178	 683	1506	-16	 67.94	 -2	0 	0
2025-11-04 12:01:09	 33358	 1933	3488	0	 41.92	 -3	-1 	0
2025-11-04 12:01:10	 33393	 1898	3504	0	 27.60	 3	2 	0
2025-11-04 12:01:11	 33428	 2030	3488	0	 79.54	 -3	0 	0
2025-11-04 12:01:12	 33463	 2127	3522	0	 19.38	 6	0 	0
2025-11-04 12:01:13	 33498	 2261	3560	-64	 315.53	 -3	0 	0
2025-11-04 12:01:14	 33533	 2192	3432	-64	 328.01	 -1	-6 	0
2025-11-04 12:01:15	 33568	 2152	3280	-64	 23.73	 -2	0 	0
2025-11-04 12:01:16	 33603	 2128	3381	-48	 84.11	 0	4 	0
2025-11-04 12:01:17	 33638	 2128	3484	0	 12.08	 -2	1 	0
2025-11-04 12:01:18	 33675	 2152	3521	0	 26.54	 8	5 	0
2025-11-04 12:01:19	 33710	 2237	3592	-64	 322.38	 -1	-6 	0
2025-11-04 12:01:20	 33745	 2293	3360	-64	 181.49	 -4	-8 	0
2025-11-04 12:01:21	 33780	 2136	3363	-64	 86.97	 -1	6 	0
2025-11-04 12:01:22	 33815	 2132	3497	0	 171.43	 0	0 	0
2025-11-04 12:01:23	 33850	 1951	3503	0	 17.71	 -3	0 	0
2025-11-04 12:01:24	 33885	 2213	3560	-2	 12.13	 12	1 	0
2025-11-04 12:01:25	 33920	 2498	3597	-64	 143.53	 -3	-4 	0
2025-11-04 12:01:26	 33955	 2312	3430	-64	 192.13	 -11	-9 	0
2025-11-04 12:01:27	 33990	 2196	3370	-64	 71.89	 5	3 	0
2025-11-04 12:01:28	 34025	 2192	3574	-64	 176.79	 -2	1 	0
2025-11-04 12:01:29	 34060	 2198	3599	-64	 202.54	 -6	-1 	0
2025-11-04 12:01:30	 34095	 2261	3535	-64	 243.19	 3	-10 	0
2025-11-04 12:01:31	 34130	 2128	3357	-64	 102.22	 -1	9 	0
2025-11-04 12:01:32	 34165	 2104	3524	0	 182.15	 0	1 	0
2025-11-04 12:01:33	 34200	 2024	3537	0	 180.48	 -11	-1 	0
2025-11-04 12:01:35	 34240	 1898	3507	0	 87.85	 4	-4 	0
2025-11-04 12:01:36	 34275	 2036	3551	0	 75.28	 0	0 	0
2025-11-04 12:01:37	 34310	 2058	3551	0	 94.48	 0	0 	0
2025-11-04 12:01:38	 34345	 2004	3531	0	 75.54	 0	5 	0
2025-11-04 12:01:39	 34380	 2019	3499	0	 79.67	 -1	-3 	0
2025-11-04 12:01:40	 34415	 2057	3540	0	 188.48	 2	-4 	0
2025-11-04 12:01:41	 34450	 2018	3498	0	 60.64	 3	3 	0
2025-11-04 12:01:42	 34495	 2095	3513	0	 0.35	 5	-2 	0
2025-11-04 12:01:43	 34530	 2324	3439	-64	 276.24	 4	-6 	0
2025-11-04 12:01:44	 34565	 2324	3216	-64	 357.14	 3	-5 	0
2025-11-04 12:01:45	 34600	 2578	3222	0	 77.56	 5	-2 	0
2025-11-04 12:01:46	 34635	 2621	3321	0	 94.39	 -5	-5 	0
2025-11-04 12:01:47	 34670	 2600	3269	0	 84.55	 1	2 	0
2025-11-04 12:01:48	 34705	 2690	3312	0	 111.27	 1	-1 	0
2025-11-04 12:01:49	 34740	 2720	3403	96	 115.14	 -2	2 	3
2025-11-04 12:01:50	 34775	 2848	3408	96	 206.54	 10	2 	0
2025-11-04 12:01:51	 34810	 3018	3381	96	 175.30	 -6	0 	0
2025-11-04 12:01:52	 34845	 2845	3380	96	 51.55	 -1	-1 	0
2025-11-04 12:01:53	 34880	 2933	3505	96	 335.13	 1	7 	0
2025-11-04 12:01:54	 34915	 3097	3391	96	 3.21	 6	-3 	0
2025-11-04 12:01:55	 34950	 3056	3286	96	 7.69	 1	-4 	0
2025-11-04 12:01:56	 34985	 3217	3438	112	 356.97	 7	3 	0
2025-11-04 12:01:57	 35020	 3263	3348	96	 357.28	 -7	-7 	0
2025-11-04 12:01:58	 35055	 3041	3350	96	 39.24	 -5	3 	0
2025-11-04 12:01:59	 35090	 2878	3461	96	 332.01	 -3	-3 	0
2025-11-04 12:02:00	 35125	 2975	3260	96	 9.62	 1	-3 	0
2025-11-04 12:02:01	 35160	 2979	3302	96	 9.67	 -2	6 	0
2025-11-04 12:02:02	 35195	 2972	3350	96	 175.25	 -1	-5 	0
2025-11-04 12:02:03	 35230	 2867	3295	96	 164.36	 -7	1 	0
2025-11-04 12:02:04	 35265	 2720	3339	0	 164.62	 0	0 	3
2025-11-04 12:02:05	 35300	 2660	3408	0	 356.75	 -7	0 	0
2025-11-04 12:02:06	 35335	 2472	3431	-64	 64.73	 -3	1 	0
2025-11-04 12:02:07	 35370	 2457	3557	-64	 240.16	 -6	4 	0
2025-11-04 12:02:08	 35405	 2466	3424	-64	 306.30	 3	-7 	0
2025-11-04 12:02:09	 35440	 2346	3322	-64	 267.28	 -3	-6 	0
2025-11-04 12:02:10	 35475	 2412	3225	-40	 10.85	 6	1 	0
2025-11-04 12:02:11	 35510	 2543	3141	0	 175.21	 -6	-3 	0
2025-11-04 12:02:12	 35545	 2536	3139	0	 351.65	 7	-2 	0
2025-11-04 12:02:13	 35580	 2603	3286	0	 93.87	 -4	8 	0
2025-11-04 12:02:14	 35615	 2579	3385	0	 107.67	 3	6 	0
2025-11-04 12:02:15	 35650	 2650	3668	0	 165.01	 -4	8 	0
2025-11-04 12:02:16	 35685	 2524	3727	0	 189.01	 4	-5 	0
2025-11-04 12:02:17	 35720	 2293	3669	0	 167.39	 -15	1 	0
2025-11-04 12:02:18	 35755	 2125	3757	0	 346.86	 0	-1 	0
2025-11-04 12:02:19	 35790	 2248	3696	0	 356.84	 4	0 	0
2025-11-04 12:02:20	 35825	 2356	3745	0	 282.88	 1	-3 	0
2025-11-04 12:02:21	 35860	 2310	3735	0	 238.27	 -2	0 	0
2025-11-04 12:02:22	 35895	 2345	3738	-8	 42.41	 -2	-1 	0
2025-11-04 12:02:23	 35930	 2273	3708	0	 190.15	 -7	3 	0
2025-11-04 12:02:24	 35965	 2091	3682	0	 261.08	 -6	-8 	0
2025-11-04 12:02:25	 36000	 2040	3600	0	 332.31	 1	0 	0
2025-11-04 12:02:26	 36035	 2165	3717	0	 359.30	 9	0 	0
2025-11-04 12:02:27	 36070	 2641	3641	0	 242.31	 7	-9 	0
2025-11-04 12:02:28	 36105	 2614	3484	0	 335.43	 -1	-7 	0
2025-11-04 12:02:29	 36140	 2735	3327	0	 287.14	 0	-3 	3
2025-11-04 12:02:30	 36175	 2730	3316	0	 102.96	 -1	2 	3
2025-11-04 12:02:31	 36210	 2720	3403	96	 1.71	 -1	-1 	3
2025-11-04 12:02:32	 36245	 2910	3494	96	 236.51	 4	4 	0
2025-11-04 12:02:33	 36280	 2942	3353	96	 355.08	 2	-9 	0
2025-11-04 12:02:34	 36315	 2965	3316	96	 80.60	 -1	0 	0
2025-11-04 12:02:35	 36350	 3076	3341	96	 310.52	 -1	1 	0
2025-11-04 12:02:36	 36385	 3049	3285	96	 18.90	 3	2 	0
2025-11-04 12:02:37	 36420	 3347	3380	76	 359.17	 11	1 	0
2025-11-04 12:02:38	 36455	 3547	3407	16	 110.48	 -5	0 	0
2025-11-04 12:02:39	 36490	 3467	3533	0	 60.86	 -3	1 	0
2025-11-04 12:02:40	 36525	 3441	3472	0	 258.79	 2	-1 	0
2025-11-04 12:02:41	 36560	 3496	3272	0	 264.46	 -1	-9 	0
2025-11-04 12:02:42	 36595	 3383	3108	0	 4.66	 4	1 	0
2025-11-04 12:02:43	 36630	 3489	3264	0	 16.08	 4	5 	0
2025-11-04 12:02:44	 36665	 3752	3376	112	 355.03	 10	-1 	0
2025-11-04 12:02:45	 36700	 3910	3458	112	 36.25	 7	6 	0
2025-11-04 12:02:46	 36735	 4080	3610	0	 220.52	 -2	2 	0
2025-11-04 12:02:47	 36770	 3859	3547	0	 188.26	 -15	-4 	0
2025-11-04 12:02:48	 36805	 3551	3472	0	 245.79	 -4	-1 	0
2025-11-04 12:02:49	 36840	 3507	3404	0	 351.96	 3	-2 	0
2025-11-04 12:02:50	 36875	 3809	3362	112	 330.60	 0	0 	0
2025-11-04 12:02:51	 36910	 3865	3336	112	 7.95	 -7	1 	0
2025-11-04 12:02:52	 36945	 3795	3389	112	 353.58	 4	-1 	0
2025-11-04 12:02:53	 36980	 3866	3363	112	 3.34	 5	-3 	0
2025-11-04 12:02:54	 37015	 3901	3336	112	 6.33	 -4	4 	0
2025-11-04 12:02:55	 37050	 3923	3380	112	 5.01	 0	-7 	0
2025-11-04 12:02:56	 37085	 4011	3365	91	 5.27	 4	1 	0
2025-11-04 12:02:57	 37120	 3958	3369	104	 0.83	 2	-1 	0
2025-11-04 12:02:58	 37155	 4156	3367	32	 10.50	 8	0 	0
2025-11-04 12:02:59	 37190	 4308	3341	32	 4.61	 3	0 	0
2025-11-04 12:03:00	 37225	 4215	3467	32	 19.29	 4	-1 	0
2025-11-04 12:03:01	 37260	 4395	3515	32	 46.19	 4	4 	0
2025-11-04 12:03:02	 37295	 4557	3625	32	 46.19	 7	3 	0
2025-11-04 12:03:03	 37330	 4634	3759	32	 257.52	 -5	-2 	0
2025-11-04 12:03:04	 37365	 4498	3582	32	 217.13	 -6	-3 	0
2025-11-04 12:03:05	 37400	 4319	3418	32	 296.81	 -5	-8 	0
2025-11-04 12:03:06	 37435	 4387	3347	32	 6.90	 5	3 	0
2025-11-04 12:03:07	 37470	 4641	3331	112	 117.03	 5	-3 	0
2025-11-04 12:03:08	 37505	 4639	3312	112	 135.70	 0	6 	0
2025-11-04 12:03:09	 37540	 4642	3428	112	 278.57	 0	-6 	0
2025-11-04 12:03:10	 37575	 4650	3271	112	 10.46	 -4	-1 	0
2025-11-04 12:03:11	 37610	 4608	3301	112	 358.86	 2	0 	0
2025-11-04 12:03:12	 37645	 4776	3258	112	 244.29	 0	-6 	0
2025-11-04 12:03:13	 37680	 4798	3029	112	 194.85	 -3	-9 	0
2025-11-04 12:03:14	 37715	 4543	2835	112	 175.65	 -14	-1 	0
2025-11-04 12:03:15	 37750	 4202	2826	112	 160.31	 -8	1 	0
2025-11-04 12:03:16	 37803	 3562	3728	112	 284.99	 -2	5 	8
2025-11-04 12:03:17	 37838	 3532	3759	0	 247.59	 -3	-1 	0
2025-11-04 12:03:18	 37873	 3459	3590	0	 336.88	 3	-7 	0
2025-11-04 12:03:19	 37908	 3459	3579	0	 31.86	 6	3 	0
2025-11-04 12:03:20	 37943	 3520	3731	0	 56.16	 0	4 	0
2025-11-04 12:03:21	 37978	 3678	3748	0	 348.71	 8	-2 	0
2025-11-04 12:03:22	 38013	 3797	3751	0	 164.44	 -6	2 	0
2025-11-04 12:03:23	 38048	 3746	3670	0	 227.68	 -10	-10 	0
2025-11-04 12:03:24	 38083	 3472	3412	0	 206.76	 -2	-9 	0
2025-11-04 12:03:25	 38118	 3201	3310	112	 121.20	 -6	0 	0
2025-11-04 12:03:26	 38153	 2960	3344	96	 3.78	 -9	-1 	0
2025-11-04 12:03:27	 38188	 2884	3366	96	 63.76	 0	2 	0
2025-11-04 12:03:28	 38223	 2917	3353	96	 3.74	 0	-7 	0
2025-11-04 12:03:29	 38258	 3002	3160	96	 13.05	 4	-1 	0
2025-11-04 12:03:30	 38293	 3052	3342	96	 45.83	 -3	3 	0
2025-11-04 12:03:31	 38328	 2874	3488	96	 359.56	 -5	-2 	0
2025-11-04 12:03:32	 38363	 3084	3351	96	 358.33	 13	-2 	0
2025-11-04 12:03:33	 38398	 3609	3332	48	 1.58	 16	0 	0
2025-11-04 12:03:34	 38433	 3961	3364	104	 52.12	 2	4 	0
2025-11-04 12:03:35	 38468	 4242	3687	112	 58.36	 7	9 	0
2025-11-04 12:03:36	 38503	 4311	3775	112	 83.28	 0	-1 	0
2025-11-04 12:03:37	 38538	 4305	3815	112	 15.51	 -1	7 	0
2025-11-04 12:03:38	 38573	 4308	3898	112	 195.16	 -3	-2 	0
2025-11-04 12:03:39	 38608	 4260	3877	112	 330.25	 4	-3 	0
2025-11-04 12:03:40	 38643	 4501	3902	112	 339.96	 8	3 	0
2025-11-04 12:03:41	 38678	 4770	3869	112	 257.34	 7	-6 	0
2025-11-04 12:03:42	 38713	 4768	3629	112	 265.91	 -1	-9 	0
2025-11-04 12:03:43	 38748	 4789	3538	112	 222.36	 -3	-4 	0
2025-11-04 12:03:44	 38783	 4742	3455	112	 193.23	 4	-1 	0
2025-11-04 12:03:45	 38818	 4697	3432	112	 179.25	 -8	2 	0
2025-11-04 12:03:46	 38853	 4604	3418	112	 338.38	 -4	-2 	0
2025-11-04 12:03:47	 38888	 4652	3338	112	 53.35	 -1	3 	0
2025-11-04 12:03:48	 38923	 4798	3496	112	 89.43	 2	6 	0
2025-11-04 12:03:49	 38958	 4667	3807	112	 159.30	 -11	9 	0
2025-11-04 12:03:50	 38993	 4280	3893	112	 188.53	 -10	-2 	0
2025-11-04 12:03:51	 39028	 4350	3908	112	 250.62	 6	1 	0
2025-11-04 12:03:52	 39063	 4321	3816	112	 238.05	 -1	0 	0
2025-11-04 12:03:53	 39098	 4392	3907	112	 298.30	 6	-1 	0
2025-11-04 12:03:54	 39133	 4285	3805	112	 304.15	 -3	-4 	0
2025-11-04 12:03:55	 39168	 4183	3643	112	 241.57	 -8	-6 	0
2025-11-04 12:03:56	 39203	 3972	3413	112	 321.90	 -4	-9 	0
2025-11-04 12:03:57	 39238	 3959	3327	112	 5.36	 2	2 	0
2025-11-04 12:03:58	 39273	 4175	3381	32	 3.38	 6	1 	0
2025-11-04 12:03:59	 39308	 4324	3335	32	 290.17	 6	-5 	0
2025-11-04 12:04:00	 39343	 4424	3179	32	 308.28	 4	-6 	0
2025-11-04 12:04:01	 39378	 4559	3033	32	 309.02	 4	-7 	0
2025-11-04 12:04:02	 39413	 4637	3002	32	 142.38	 -3	3 	0
2025-11-04 12:04:03	 39448	 4430	3182	32	 112.50	 -5	4 	0
2025-11-04 12:04:04	 39483	 4228	3388	48	 26.85	 -4	4 	0
2025-11-04 12:04:05	 39518	 4352	3461	32	 40.87	 8	4 	0
2025-11-04 12:04:06	 39553	 4609	3684	32	 100.33	 8	9 	0
2025-11-04 12:04:07	 39588	 4628	3704	32	 234.62	 -2	-7 	0
2025-11-04 12:04:08	 39623	 4490	3574	32	 233.57	 -8	-4 	0
2025-11-04 12:04:09	 39658	 4328	3346	32	 344.88	 2	-7 	0
2025-11-04 12:04:10	 39693	 4434	3362	64	 356.26	 6	0 	0
2025-11-04 12:04:11	 39728	 4608	3350	112	 112.15	 1	-2 	0
2025-11-04 12:04:12	 39763	 4633	3385	112	 109.16	 -6	4 	0
2025-11-04 12:04:13	 39798	 4614	3389	112	 303.71	 4	-5 	0
2025-11-04 12:04:14	 39833	 4670	3327	112	 326.29	 -1	0 	0
2025-11-04 12:04:15	 39868	 4794	3051	112	 252.64	 -2	-15 	0
2025-11-04 12:04:16	 39903	 4419	2777	112	 159.74	 -16	2 	0
2025-11-04 12:04:18	 39963	 3568	3696	112	 269.60	 0	0 	8
2025-11-04 12:04:19	 40004	 3580	3700	112	 196.74	 1	1 	8
2025-11-04 12:04:20	 40039	 3602	3745	112	 317.72	 -1	1 	0
2025-11-04 12:04:21	 40074	 3683	3717	0	 225.88	 -2	-5 	0
2025-11-04 12:04:22	 40109	 3639	3717	0	 238.58	 -2	-8 	0
2025-11-04 12:04:23	 40144	 3789	3663	0	 156.36	 6	-8 	0
2025-11-04 12:04:24	 40179	 3833	3528	0	 209.58	 -6	-1 	0
2025-11-04 12:04:25	 40214	 3557	3484	0	 220.91	 -8	-4 	0
2025-11-04 12:04:26	 40249	 3472	3427	0	 212.87	 -1	-6 	0
2025-11-04 12:04:27	 40284	 3282	3361	80	 138.60	 -10	-1 	0
2025-11-04 12:04:28	 40319	 3061	3381	96	 5.10	 -4	-1 	0
2025-11-04 12:04:29	 40354	 3153	3424	112	 358.86	 5	0 	0
2025-11-04 12:04:30	 40389	 3320	3424	112	 53.35	 3	-1 	0
2025-11-04 12:04:31	 40424	 3360	3504	112	 85.08	 0	6 	13
2025-11-04 12:04:33	 40478	 2688	3072	40	 315.00	 0	-1 	15
2025-11-04 12:04:34	 40529	 2691	3110	40	 274.00	 2	3 	15
2025-11-04 12:04:35	 40564	 2692	2978	40	 224.96	 -4	-8 	15
2025-11-04 12:04:36	 40599	 2688	2849	40	 70.97	 1	1 	15
2025-11-04 12:04:37	 40634	 2683	3023	40	 109.51	 -6	5 	15
2025-11-04 12:04:38	 40669	 2694	3093	40	 165.54	 -3	0 	15
2025-11-04 12:04:39	 40704	 2576	3184	0	 62.84	 4	4 	0
2025-11-04 12:04:40	 40739	 2635	3286	0	 298.70	 -2	-3 	0
2025-11-04 12:04:41	 40774	 2628	3277	0	 25.31	 4	4 	0
2025-11-04 12:04:42	 40809	 2735	3381	0	 352.40	 -1	0 	3
2025-11-04 12:04:43	 40844	 2733	3380	96	 353.36	 -1	-1 	3
2025-11-04 12:04:44	 40879	 2902	3402	96	 349.67	 8	3 	0
2025-11-04 12:04:45	 40914	 3167	3425	112	 1.63	 6	0 	0
2025-11-04 12:04:46	 40949	 3287	3426	112	 38.19	 -1	-1 	0
2025-11-04 12:04:47	 40984	 3343	3455	112	 81.83	 1	1 	0
2025-11-04 12:04:48	 41019	 3362	3595	112	 89.87	 0	7 	13
2025-11-04 12:04:50	 41080	 2681	3083	40	 277.08	 -2	2 	15
2025-11-04 12:04:51	 41115	 2671	3046	40	 312.41	 1	-7 	15
2025-11-04 12:04:52	 41150	 2743	2896	40	 112.98	 -1	0 	15
2025-11-04 12:04:53	 41185	 2717	3013	40	 146.38	 -1	-1 	15
2025-11-04 12:04:54	 41220	 2711	2832	40	 273.52	 -1	0 	15
2025-11-04 12:04:55	 41255	 2713	2817	40	 263.98	 1	-8 	15
2025-11-04 12:04:56	 41290	 2828	2715	40	 264.20	 2	-1 	20
2025-11-04 12:04:57	 41325	 2898	2770	40	 274.39	 1	0 	20
2025-11-04 12:04:58	 41360	 3024	2783	40	 278.88	 0	0 	20
2025-11-04 12:04:59	 41395	 3031	2781	40	 265.08	 0	-1 	20
2025-11-04 12:05:00	 41438	 3023	2782	40	 181.58	 -5	-1 	20
2025-11-04 12:05:01	 41473	 2580	2769	40	 180.83	 -16	-1 	20
2025-11-04 12:05:02	 41508	 2321	2770	40	 335.08	 -1	0 	20
2025-11-04 12:05:03	 41543	 2514	2783	40	 0.35	 11	0 	20
2025-11-04 12:05:04	 41578	 2966	2776	40	 319.66	 2	1 	20
2025-11-04 12:05:05	 41620	 3012	2709	40	 274.22	 6	-7 	0
2025-11-04 12:05:06	 41655	 3119	2561	-48	 254.14	 0	0 	0
2025-11-04 12:05:07	 41690	 3112	2629	-48	 225.35	 0	2 	0
2025-11-04 12:05:08	 41725	 3053	2670	-144	 226.71	 -9	-1 	0
2025-11-04 12:05:09	 41760	 2804	2646	-144	 317.72	 -9	0 	0
2025-11-04 12:05:10	 41795	 2526	2613	-144	 350.07	 -1	-3 	0
2025-11-04 12:05:11	 41830	 2692	2598	-144	 267.50	 3	-5 	0
2025-11-04 12:05:12	 41865	 2710	2365	-128	 12.35	 0	-5 	0
2025-11-04 12:05:13	 41900	 2959	2342	-128	 0.88	 12	0 	0
2025-11-04 12:05:14	 41935	 3123	2345	-144	 1.49	 1	0 	0
2025-11-04 12:05:15	 41970	 3029	2309	-128	 152.31	 -4	-4 	0
2025-11-04 12:05:16	 42005	 2916	2377	-128	 207.20	 0	6 	0
2025-11-04 12:05:17	 42040	 2964	2530	-144	 215.86	 -5	-2 	0
2025-11-04 12:05:18	 42075	 2899	2598	-144	 187.65	 -10	0 	0
2025-11-04 12:05:19	 42110	 2459	2561	-144	 186.68	 -10	-2 	0
2025-11-04 12:05:20	 42145	 2330	2505	-144	 152.45	 0	-3 	0
2025-11-04 12:05:22	 42181	 2322	2548	-144	 206.24	 4	-4 	0
2025-11-04 12:05:23	 42218	 2316	2433	-144	 165.85	 4	1 	0
2025-11-04 12:05:24	 42253	 2492	2572	-144	 295.49	 0	2 	0
2025-11-04 12:05:25	 42288	 2642	2547	-144	 336.40	 5	2 	0
2025-11-04 12:05:26	 42323	 2631	2677	-144	 329.99	 -4	-4 	0
2025-11-04 12:05:27	 42358	 2607	2695	-144	 336.49	 4	-1 	0
2025-11-04 12:05:28	 42393	 2641	2486	-144	 3.16	 -3	-8 	0
2025-11-04 12:05:29	 42428	 2682	2256	-144	 54.54	 3	0 	0
2025-11-04 12:05:30	 42463	 2932	2318	-128	 4.26	 5	5 	16
2025-11-04 12:05:31	 42498	 3146	2407	-144	 356.62	 6	2 	0
2025-11-04 12:05:32	 42533	 3265	2351	-144	 220.65	 -4	-5 	0
2025-11-04 12:05:33	 42568	 3215	2414	-144	 186.42	 7	2 	0
2025-11-04 12:05:34	 42603	 3191	2319	-144	 181.45	 -8	1 	0
2025-11-04 12:05:35	 42638	 2901	2400	-130	 176.00	 -9	4 	0
2025-11-04 12:05:36	 42673	 2513	2514	-144	 173.63	 -13	1 	0
2025-11-04 12:05:37	 42708	 2326	2539	-144	 178.24	 -6	0 	0
2025-11-04 12:05:38	 42746	 2390	2538	-144	 227.77	 4	-1 	0
2025-11-04 12:05:39	 42781	 2510	2506	-144	 30.06	 8	-2 	0
2025-11-04 12:05:40	 42816	 2760	2564	-144	 176.70	 6	6 	0
2025-11-04 12:05:41	 42851	 2702	2570	-144	 245.17	 -8	-5 	0
2025-11-04 12:05:42	 42886	 2462	2311	-128	 184.97	 -7	-10 	0
2025-11-04 12:05:43	 42921	 2384	2303	-128	 162.82	 -1	4 	12
2025-11-04 12:05:44	 42956	 2500	2537	-144	 174.38	 -3	6 	0
2025-11-04 12:05:45	 42991	 2337	2581	-144	 210.10	 -5	-2 	0
2025-11-04 12:05:46	 43026	 2359	2538	-144	 263.72	 5	-5 	0
2025-11-04 12:05:47	 43061	 2366	2301	-128	 247.85	 -7	-6 	17
2025-11-04 12:05:48	 43098	 2323	2257	-144	 23.07	 0	0 	17
2025-11-04 12:05:49	 43133	 2320	2256	-144	 23.77	 -1	-1 	17
2025-11-04 12:05:50	 43168	 2320	2263	40	 309.99	 -1	3 	17
2025-11-04 12:05:51	 43203	 2397	2193	40	 4.44	 5	0 	0
2025-11-04 12:05:52	 43238	 2657	2198	40	 1.98	 2	-4 	0
2025-11-04 12:05:53	 43273	 2744	2178	40	 274.75	 0	0 	0
2025-11-04 12:05:54	 43308	 2744	2208	40	 278.22	 -4	-1 	0
2025-11-04 12:05:55	 43343	 2698	1976	40	 79.23	 -1	-1 	0
2025-11-04 12:05:56	 43378	 2863	2045	40	 171.47	 0	-1 	0
2025-11-04 12:05:57	 43413	 2761	2005	40	 239.63	 -6	-6 	0
2025-11-04 12:06:23	 44165	 -867	1685	0	 184.00	 -4	0 	0
2025-11-04 12:06:24	 44200	 -908	1679	0	 77.12	 0	-4 	0
2025-11-04 12:06:25	 44235	 -849	1621	0	 159.70	 0	1 	0
2025-11-04 12:06:26	 44270	 -940	1727	0	 95.14	 -2	0 	0
2025-11-04 12:06:27	 44307	 -920	1727	0	 85.39	 0	-1 	0
2025-11-04 12:06:28	 44342	 -1008	1661	0	 172.75	 -1	-1 	0
2025-11-04 12:06:29	 44377	 -939	1600	0	 283.71	 0	-1 	0
2025-11-04 12:06:30	 44412	 -921	1573	0	 282.00	 -1	0 	0
2025-11-04 12:06:31	 44447	 -930	1548	0	 300.89	 0	-5 	0
2025-11-04 12:06:32	 44482	 -881	1440	0	 258.84	 -4	3 	0
2025-11-04 12:06:33	 44517	 -1005	1441	0	 293.95	 2	-1 	0
2025-11-04 12:06:34	 44552	 -897	1240	0	 39.07	 0	-3 	0
2025-11-04 12:06:35	 44587	 -930	1421	0	 21.14	 -1	1 	0
2025-11-04 12:06:36	 44622	 -897	1417	0	 349.41	 -1	3 	0
2025-11-04 12:06:37	 44657	 -866	1505	0	 232.87	 -3	-4 	0
2025-11-04 12:06:38	 44692	 -1024	1298	0	 176.79	 -1	-4 	0
2025-11-04 12:06:39	 44727	 -1021	1323	0	 220.61	 -6	-1 	0
2025-11-04 12:06:40	 44762	 -957	1304	0	 271.23	 -4	-3 	0
2025-11-04 12:06:41	 44797	 -882	1476	0	 264.68	 2	-1 	0
2025-11-04 12:06:42	 44832	 -943	1273	0	 288.15	 -4	-8 	0
2025-11-04 12:06:43	 44867	 -934	1062	0	 321.15	 1	-10 	0
2025-11-04 12:06:44	 44902	 -726	923	0	 50.93	 4	4 	0
2025-11-04 12:06:45	 44937	 -429	932	0	 46.98	 9	-3 	0
2025-11-04 12:06:46	 44972	 -350	985	0	 100.46	 -5	4 	0
2025-11-04 12:06:47	 45007	 -355	1039	0	 114.87	 -3	1 	0
2025-11-04 12:06:48	 45042	 -368	1039	0	 88.07	 1	5 	0
2025-11-04 12:06:49	 45077	 -337	1028	0	 327.17	 0	-2 	0
2025-11-04 12:06:50	 45112	 -235	997	0	 243.72	 3	4 	0
2025-11-04 12:06:51	 45147	 -269	995	0	 209.84	 -7	0 	0
2025-11-04 12:06:52	 45182	 -520	991	0	 204.08	 -7	0 	0
2025-11-04 12:06:53	 45217	 -800	873	8	 274.00	 -6	-8 	0
2025-11-04 12:06:54	 45252	 -805	564	48	 257.92	 -1	-6 	17
2025-11-04 12:06:55	 45287	 -896	480	48	 111.27	 -5	3 	17
2025-11-04 12:06:56	 45322	 -1006	664	48	 351.78	 2	6 	17
2025-11-04 12:06:57	 45357	 -790	710	48	 219.68	 4	-3 	17
2025-11-04 12:06:58	 45392	 -894	635	48	 220.91	 -7	2 	17
2025-11-04 12:06:59	 45427	 -903	511	48	 2.94	 6	1 	17
2025-11-04 12:07:00	 45462	 -693	456	48	 6.02	 4	-2 	17
2025-11-04 12:07:01	 45497	 -753	518	48	 283.27	 -3	4 	17
2025-11-04 12:07:02	 45532	 -886	576	48	 302.65	 0	-2 	17
2025-11-04 12:07:03	 45567	 -822	496	48	 293.99	 2	1 	17
2025-11-04 12:07:04	 45602	 -855	585	48	 291.80	 2	2 	17
2025-11-04 12:07:05	 45637	 -748	492	48	 348.44	 1	-2 	17
2025-11-04 12:07:06	 45684	 -735	473	48	 3.96	 -7	-1 	17
2025-11-04 12:07:07	 45719	 -859	582	48	 260.20	 -4	-2 	17
2025-11-04 12:07:08	 45754	 -835	617	48	 91.05	 1	4 	17
2025-11-04 12:07:09	 45789	 -825	862	16	 70.97	 0	9 	0
2025-11-04 12:07:10	 45824	 -671	1045	0	 18.68	 7	0 	0
2025-11-04 12:07:11	 45859	 -570	1014	0	 58.58	 4	5 	0
2025-11-04 12:07:12	 45894	 -627	1034	0	 122.87	 -1	-1 	0
2025-11-04 12:07:13	 45929	 -656	1040	0	 349.54	 4	-3 	0
2025-11-04 12:07:14	 45964	 -368	949	0	 316.23	 2	0 	0
2025-11-04 12:07:15	 45999	 -340	1004	0	 82.00	 -1	-1 	0
2025-11-04 12:07:16	 46034	 -207	1011	0	 315.62	 1	1 	0
2025-11-04 12:07:17	 46069	 -211	1034	0	 78.84	 -1	-1 	0
2025-11-04 12:07:18	 46104	 -210	950	0	 277.25	 1	-8 	0
2025-11-04 12:07:19	 46139	 -176	669	16	 178.64	 -3	-10 	0
2025-11-04 12:07:20	 46174	 -391	585	16	 229.04	 -10	1 	0
2025-11-04 12:07:21	 46209	 -392	562	16	 262.00	 3	-4 	0
2025-11-04 12:07:22	 46244	 -427	515	16	 179.21	 -4	-4 	0
2025-11-04 12:07:23	 46279	 -556	389	16	 190.72	 -7	-2 	0
2025-11-04 12:07:24	 46314	 -805	296	16	 191.56	 -7	-6 	0
2025-11-04 12:07:25	 46349	 -830	360	16	 64.03	 5	2 	0
2025-11-04 12:07:26	 46384	 -800	355	16	 306.56	 -4	-4 	0
2025-11-04 12:07:27	 46419	 -788	272	16	 239.41	 -1	0 	0
2025-11-04 12:07:28	 46454	 -805	382	16	 2.90	 1	-3 	0
2025-11-04 12:07:29	 46489	 -591	331	16	 4.13	 8	1 	0
2025-11-04 12:07:30	 46524	 -423	462	16	 87.01	 -1	6 	0
2025-11-04 12:07:31	 46559	 -425	517	16	 21.58	 7	-1 	0
2025-11-04 12:07:32	 46594	 -265	570	16	 64.91	 9	2 	0
2025-11-04 12:07:33	 46629	 -151	766	16	 109.86	 -2	6 	0
2025-11-04 12:07:34	 46664	 -255	1002	0	 144.76	 -6	1 	0
2025-11-04 12:07:35	 46699	 -223	1032	0	 93.12	 0	-4 	0
2025-11-04 12:07:36	 46734	 -208	1060	0	 83.67	 -2	4 	6
2025-11-04 12:07:37	 46769	 -199	1220	0	 97.38	 0	-2 	9
2025-11-04 12:07:38	 46804	 -233	1102	0	 83.14	 0	3 	9
2025-11-04 12:07:39	 46839	 -92	1348	0	 245.70	 2	9 	0
2025-11-04 12:07:40	 46874	 -137	1336	0	 263.89	 -5	-6 	0
2025-11-04 12:07:41	 46909	 -176	1121	0	 274.04	 -2	-2 	9
2025-11-04 12:07:42	 46944	 -196	1169	0	 259.98	 3	1 	9
2025-11-04 12:07:43	 46979	 -174	1245	0	 259.23	 -2	-4 	9
2025-11-04 12:07:44	 47014	 -83	1267	0	 128.76	 -1	9 	9
2025-11-04 12:07:45	 47049	 -153	1441	0	 260.68	 -3	2 	0
2025-11-04 12:07:46	 47084	 -86	1338	0	 266.13	 0	-2 	0
2025-11-04 12:07:47	 47119	 -86	1213	0	 201.09	 -3	-6 	0
2025-11-04 12:07:48	 47154	 -167	1305	0	 97.95	 -2	8 	9
2025-11-04 12:07:49	 47189	 -178	1473	0	 166.60	 -5	1 	0
2025-11-04 12:07:50	 47224	 -420	1485	0	 204.17	 -10	2 	9
2025-11-04 12:07:51	 47259	 -620	1544	0	 81.69	 0	-1 	0
2025-11-04 12:07:52	 47294	 -513	1698	0	 97.73	 2	4 	9
2025-11-04 12:07:53	 47329	 -555	1702	0	 92.29	 -1	1 	0
2025-11-04 12:07:54	 47364	 -563	1802	0	 126.52	 -7	1 	0
2025-11-04 12:07:55	 47399	 -551	1889	0	 8.83	 6	1 	0
2025-11-04 12:07:56	 47434	 -477	1852	0	 306.91	 -2	4 	0
2025-11-04 12:07:57	 47469	 -355	1769	0	 256.86	 -1	1 	0
2025-11-04 12:07:58	 47504	 -429	1833	0	 274.70	 3	-3 	0
2025-11-04 12:07:59	 47539	 -379	1826	0	 265.96	 -4	-5 	0
2025-11-04 12:08:00	 47574	 -597	1830	0	 353.72	 -9	2 	0
2025-11-04 12:08:01	 47609	 -521	1865	0	 340.27	 4	2 	0
2025-11-04 12:08:02	 47644	 -474	1834	0	 340.18	 3	-5 	0
2025-11-04 12:08:03	 47679	 -254	1838	0	 329.90	 7	1 	0
2025-11-04 12:08:04	 47714	 -81	1731	0	 326.34	 0	-4 	0
2025-11-04 12:08:05	 47749	 -90	1703	0	 46.14	 -7	2 	0
2025-11-04 12:08:06	 47784	 -79	1813	0	 20.04	 6	-4 	0
2025-11-04 12:08:07	 47819	 -125	1854	0	 54.23	 1	4 	0
2025-11-04 12:08:08	 47854	 -99	1786	0	 267.19	 -5	-7 	0
2025-11-04 12:08:09	 47889	 -88	1692	0	 206.02	 -7	1 	0
2025-11-04 12:08:10	 47924	 -176	1733	0	 200.13	 -1	-5 	0
2025-11-04 12:08:11	 47959	 -167	1822	0	 188.39	 -4	3 	0
2025-11-04 12:08:12	 47994	 -368	1754	0	 319.53	 0	-5 	0
2025-11-04 12:08:13	 48029	 -285	1744	0	 278.44	 -4	-1 	0
2025-11-04 12:08:14	 48064	 -404	1696	0	 317.42	 -3	-8 	0
2025-11-04 12:08:15	 48099	 -264	1623	0	 302.56	 7	0 	0
2025-11-04 12:08:16	 48134	 -225	1556	0	 32.26	 0	1 	0
2025-11-04 12:08:17	 48169	 -238	1710	0	 347.21	 4	-1 	0
2025-11-04 12:08:18	 48204	 -217	1641	0	 99.98	 -1	-1 	0
2025-11-04 12:08:19	 48239	 -266	1711	0	 150.51	 -4	0 	0
2025-11-04 12:08:20	 48274	 -255	1672	0	 176.35	 0	-6 	0
2025-11-04 12:08:21	 48309	 -364	1647	0	 113.25	 -2	1 	0
2025-11-04 12:08:22	 48344	 -352	1643	0	 113.69	 -4	-1 	0
2025-11-04 12:08:23	 48379	 -406	1753	0	 120.98	 1	6 	0
2025-11-04 12:08:24	 48414	 -502	1886	0	 221.79	 -6	-3 	0
2025-11-04 12:08:25	 48452	 -534	1772	0	 252.82	 0	2 	0
2025-11-04 12:08:26	 48487	 -561	1683	0	 254.97	 -1	-3 	9
2025-11-04 12:08:27	 48522	 -525	1527	0	 287.36	 -1	-5 	0
2025-11-04 12:08:28	 48557	 -515	1425	0	 6.90	 5	-4 	0
2025-11-04 12:08:29	 48592	 -277	1467	0	 299.53	 6	-3 	0
2025-11-04 12:08:30	 48627	 -159	1314	0	 288.81	 2	-6 	9
2025-11-04 12:08:31	 48662	 -222	1091	0	 268.95	 1	-8 	9
2025-11-04 12:08:32	 48697	 -240	955	0	 143.48	 -1	1 	0
2025-11-04 12:08:33	 48732	 -331	1006	0	 176.53	 -7	0 	0
2025-11-04 12:08:34	 48767	 -611	967	0	 197.49	 -9	-2 	0
2025-11-04 12:08:35	 48802	 -803	765	40	 283.01	 0	-9 	0
2025-11-04 12:08:36	 48837	 -758	518	48	 338.20	 3	-4 	17
2025-11-04 12:08:37	 48872	 -709	531	48	 39.77	 -1	4 	17
2025-11-04 12:08:38	 48907	 -673	652	56	 224.21	 -1	0 	17
2025-11-04 12:08:39	 48942	 -834	549	48	 160.14	 -8	0 	17
2025-11-04 12:08:40	 48977	 -892	432	56	 278.75	 1	-5 	17
2025-11-04 12:08:41	 49012	 -985	528	48	 80.99	 -5	6 	17
2025-11-04 12:08:42	 49047	 -893	711	48	 39.46	 0	0 	17
2025-11-04 12:08:43	 49082	 -829	816	27	 97.95	 3	7 	0
2025-11-04 12:08:44	 49117	 -869	1067	0	 111.01	 -6	5 	0
2025-11-04 12:08:45	 49152	 -990	1323	0	 193.40	 -5	4 	0
2025-11-04 12:08:46	 49187	 -1024	1303	0	 181.01	 -1	-1 	0
2025-11-04 12:08:47	 49223	 -959	1444	0	 72.33	 0	7 	0
2025-11-04 12:08:48	 49258	 -929	1558	0	 86.75	 0	5 	0
2025-11-04 12:08:49	 49293	 -925	1571	0	 83.58	 0	6 	0
2025-11-04 12:08:50	 49328	 -936	1727	0	 269.60	 1	0 	0
2025-11-04 12:08:51	 49363	 -933	1519	0	 273.60	 -1	-9 	0
2025-11-04 12:08:52	 49398	 -955	1196	0	 305.38	 2	-9 	0
2025-11-04 12:08:53	 49433	 -776	959	0	 356.84	 7	-2 	0
2025-11-04 12:08:54	 49468	 -490	956	0	 4.26	 8	-4 	0
2025-11-04 12:08:55	 49503	 -337	975	0	 30.15	 0	0 	0
2025-11-04 12:08:56	 49538	 -194	1040	0	 110.83	 -6	4 	0
2025-11-04 12:08:57	 49573	 -120	1251	0	 43.95	 9	2 	9
2025-11-04 12:08:58	 49608	 -110	1382	0	 190.55	 -2	3 	0
2025-11-04 12:08:59	 49643	 -272	1373	0	 77.70	 1	4 	0
2025-11-04 12:09:00	 49678	 -277	1451	0	 175.25	 -8	-5 	0
2025-11-04 12:09:01	 49713	 -415	1414	0	 121.90	 -3	6 	9
2025-11-04 12:09:02	 49748	 -614	1546	0	 86.57	 1	5 	0
2025-11-04 12:09:03	 49783	 -535	1710	0	 102.22	 -5	-1 	0
2025-11-04 12:09:04	 49818	 -530	1723	0	 114.04	 0	4 	0
2025-11-04 12:09:05	 49853	 -632	1847	0	 158.82	 0	0 	0
2025-11-04 12:09:06	 49888	 -605	1841	0	 198.63	 -2	-1 	0
2025-11-04 12:09:07	 49923	 -631	1824	0	 8.88	 1	0 	0
2025-11-04 12:09:08	 49958	 -426	1827	0	 327.04	 7	-3 	0
2025-11-04 12:09:09	 49993	 -377	1740	0	 331.26	 -4	-3 	0
2025-11-04 12:09:10	 50028	 -382	1655	0	 358.86	 -4	5 	0
2025-11-04 12:09:11	 50063	 -290	1811	0	 11.07	 7	4 	0
2025-11-04 12:09:12	 50098	 -162	1870	0	 299.09	 -2	-1 	0
2025-11-04 12:09:13	 50133	 -109	1680	0	 342.64	 0	0 	0
2025-11-04 12:09:14	 50168	 -172	1812	0	 182.15	 -6	2 	0
2025-11-04 12:09:15	 50203	 -442	1840	0	 178.64	 -9	0 	0
2025-11-04 12:09:17	 50253	 -632	1844	0	 228.69	 -1	-1 	0
2025-11-04 12:09:18	 50288	 -401	1857	0	 339.74	 0	-2 	0
2025-11-04 12:09:19	 50323	 -559	1778	0	 271.76	 -7	-7 	0
2025-11-04 12:09:20	 50364	 -547	1622	0	 293.73	 1	-10 	9
2025-11-04 12:09:21	 50399	 -374	1416	0	 44.38	 5	-4 	9
2025-11-04 12:09:22	 50434	 -336	1360	0	 58.80	 3	-1 	9
2025-11-04 12:09:23	 50469	 -143	1452	0	 150.69	 2	-3 	0
2025-11-04 12:09:24	 50504	 -392	1424	0	 166.77	 -13	2 	9
2025-11-04 12:09:25	 50539	 -624	1551	0	 69.04	 -1	0 	0
2025-11-04 12:09:26	 50574	 -558	1714	0	 65.87	 1	1 	0
2025-11-04 12:09:27	 50609	 -546	1818	0	 122.96	 -2	6 	0
2025-11-04 12:09:28	 50644	 -441	1842	0	 158.82	 4	-2 	0
2025-11-04 12:09:29	 50679	 -515	1873	0	 158.82	 -2	0 	0
2025-11-04 12:12:21	 56593	 -541	1884	0	 260.86	 -1	2 	0
2025-11-04 12:12:22	 56628	 -524	1899	0	 289.38	 0	-3 	0
2025-11-04 12:12:23	 56663	 -556	1768	0	 276.46	 0	-1 	0
2025-11-04 12:12:24	 56698	 -533	1570	0	 219.81	 1	-10 	0
2025-11-04 12:12:25	 56733	 -519	1403	0	 268.77	 7	-5 	0
2025-11-04 12:12:26	 56768	 -379	1365	0	 323.13	 2	2 	9
2025-11-04 12:12:27	 56803	 -119	1404	0	 292.54	 1	-3 	0
2025-11-04 12:12:28	 56838	 -134	1167	0	 269.17	 -2	-9 	9
2025-11-04 12:12:29	 56873	 -100	1098	0	 269.17	 0	-3 	9
2025-11-04 12:12:30	 56908	 -137	1171	0	 129.51	 -7	8 	9
2025-11-04 12:12:31	 56943	 -418	1503	0	 139.31	 -14	7 	9
2025-11-04 12:12:32	 56978	 -606	1711	0	 165.76	 -1	-1 	0
2025-11-04 12:12:33	 57013	 -609	1535	0	 237.44	 2	-9 	0
2025-11-04 12:12:34	 57048	 -586	1635	0	 85.91	 -1	9 	9
2025-11-04 12:12:35	 57083	 -529	1727	0	 96.86	 0	-1 	0
2025-11-04 12:12:36	 57118	 -471	1854	0	 336.18	 4	0 	0
2025-11-04 12:12:37	 57153	 -473	1876	0	 193.36	 -7	0 	0
2025-11-04 12:12:38	 57188	 -632	1855	0	 316.93	 -1	1 	0
2025-11-04 12:12:39	 57225	 -534	1802	0	 345.81	 0	-1 	0
2025-11-04 12:12:40	 57260	 -525	1529	0	 259.58	 -1	-15 	0
2025-11-04 12:12:41	 57295	 -251	1360	0	 328.80	 16	0 	0
2025-11-04 12:12:42	 57330	 -89	1207	0	 263.85	 -2	-13 	9
2025-11-04 12:12:43	 57365	 -125	1103	0	 91.45	 1	2 	9
2025-11-04 12:12:44	 57400	 -282	1412	0	 156.18	 -14	3 	0
2025-11-04 12:12:45	 57435	 -584	1711	0	 89.08	 -1	0 	0
2025-11-04 12:12:46	 57470	 -548	1763	0	 22.19	 2	5 	0
2025-11-04 12:12:47	 57505	 -459	1874	0	 137.11	 -5	2 	0
2025-11-04 12:12:48	 57540	 -623	1848	0	 263.54	 0	-2 	0
2025-11-04 12:12:49	 57575	 -530	1764	0	 347.96	 8	-6 	0
2025-11-04 12:12:50	 57610	 -351	1790	0	 338.16	 9	-3 	0
2025-11-04 12:12:51	 57645	 -380	1745	0	 291.05	 -6	-5 	0
2025-11-04 12:12:52	 57680	 -372	1811	0	 345.85	 1	3 	0
2025-11-04 12:12:53	 57715	 -495	1856	0	 344.75	 -8	1 	0
2025-11-04 12:12:54	 57750	 -624	1903	16	 313.55	 -2	0 	0
2025-11-04 12:12:55	 57785	 -515	1810	0	 351.91	 6	-2 	0
2025-11-04 12:12:56	 57820	 -319	1774	0	 352.66	 7	-1 	0
2025-11-04 12:12:57	 57855	 -344	1826	0	 337.76	 3	-2 	0
2025-11-04 12:12:58	 57890	 -273	1781	0	 346.20	 0	-2 	0
2025-11-04 12:12:59	 57925	 -348	1770	0	 158.77	 -6	2 	0
2025-11-04 12:13:00	 57960	 -543	1882	0	 312.67	 -2	1 	0
2025-11-04 12:13:01	 57995	 -581	1887	0	 219.77	 -4	-3 	0
2025-11-04 12:13:02	 58030	 -556	1865	0	 351.43	 5	0 	0
2025-11-04 12:13:03	 58065	 -450	1851	0	 331.92	 0	-1 	0
2025-11-04 12:13:10	 58323	 -401	1839	0	 339.61	 0	-1 	0
2025-11-04 12:13:11	 58358	 -452	1841	0	 317.37	 -1	-1 	0
2025-11-04 12:13:12	 58393	 -457	1842	0	 272.64	 0	-1 	0
2025-11-04 12:13:13	 58428	 -448	1839	0	 334.73	 0	-1 	0
2025-11-04 12:13:14	 58463	 -555	1808	0	 272.46	 -8	1 	0
2025-11-04 12:13:15	 58498	 -560	1784	0	 285.73	 2	0 	0
2025-11-04 12:13:16	 58533	 -563	1497	0	 250.62	 -4	-15 	0
2025-11-04 12:13:17	 58568	 -346	1360	0	 290.26	 5	-2 	9
2025-11-04 12:13:18	 58603	 -90	1158	0	 256.11	 -2	-11 	9
2025-11-04 12:13:19	 58638	 -123	1230	0	 126.08	 -4	12 	9
2025-11-04 12:13:20	 58673	 -425	1519	0	 111.36	 -8	1 	9
2025-11-04 12:13:21	 58708	 -519	1711	0	 95.41	 -1	0 	0
2025-11-04 12:13:22	 58743	 -596	1818	0	 156.31	 -4	3 	0
2025-11-04 12:13:23	 58778	 -598	1847	0	 347.17	 8	-3 	0
2025-11-04 12:13:24	 58813	 -412	1807	0	 349.15	 0	-1 	0
2025-11-04 12:13:25	 58848	 -396	1804	0	 349.76	 2	-1 	0
2025-11-04 12:13:26	 58883	 -338	1793	0	 350.20	 0	-1 	0
2025-11-04 12:13:29	 58963	 -335	1793	0	 350.55	 0	-1 	0
2025-11-04 12:13:35	 59179	 -416	1806	0	 350.82	 -7	1 	0
2025-11-04 12:13:36	 59214	 -632	1844	0	 350.82	 -1	0 	0
2025-11-04 12:13:37	 59249	 -632	1855	0	 350.82	 -1	0 	0
2025-11-04 12:13:38	 59296	 -586	1892	0	 194.99	 -3	-2 	0
2025-11-04 12:13:39	 59331	 -609	1855	0	 265.65	 0	1 	0
2025-11-04 12:13:40	 59366	 -507	1829	0	 334.47	 1	-1 	0
2025-11-04 12:13:44	 59511	 -506	1829	0	 340.27	 0	-1 	0
2025-11-04 12:13:45	 59546	 -554	1835	0	 346.46	 1	-1 	0
2025-11-04 12:13:46	 59581	 -333	1801	0	 345.98	 8	-1 	0
2025-11-04 12:13:47	 59616	 -282	1774	0	 343.78	 -1	-1 	0
2025-11-04 12:13:48	 59651	 -454	1832	0	 305.64	 -7	4 	0
2025-11-04 12:13:49	 59686	 -543	1853	0	 282.00	 0	-6 	0
2025-11-04 12:13:50	 59721	 -549	1666	0	 255.45	 -3	-13 	9
2025-11-04 12:13:51	 59756	 -447	1374	0	 288.90	 14	-8 	0
2025-11-04 12:13:52	 59791	 -195	1314	0	 269.25	 11	-10 	9
2025-11-04 12:13:53	 59826	 -88	1104	0	 228.25	 0	0 	9
2025-11-04 12:13:54	 59861	 -240	1322	0	 147.57	 -2	4 	9
2025-11-04 12:13:55	 59896	 -495	1546	0	 95.05	 -8	7 	0
2025-11-04 12:13:56	 59931	 -547	1735	0	 56.29	 0	2 	0
2025-11-04 12:13:57	 59966	 -494	1835	0	 175.56	 0	0 	0
2025-11-04 12:13:59	 60012	 -632	1842	0	 345.32	 -1	0 	0
2025-11-04 12:14:00	 60063	 -629	1841	0	 344.93	 0	-1 	0
2025-11-04 12:14:02	 60128	 -631	1846	0	 345.19	 1	-3 	0
2025-11-04 12:14:03	 60166	 -615	1843	0	 332.05	 3	1 	0
2025-11-04 12:14:04	 60201	 -574	1855	0	 332.53	 0	0 	0
2025-11-04 12:14:07	 60316	 -571	1854	0	 332.58	 0	-1 	0
2025-11-04 12:14:10	 60407	 -570	1853	0	 332.67	 0	-1 	0
2025-11-04 12:14:12	 60466	 -568	1852	0	 332.80	 0	-1 	0
2025-11-04 12:14:14	 60559	 -567	1852	0	 332.89	 0	-1 	0
2025-11-04 12:14:35	 61253	 -468	1784	0	 164.49	 -2	0 	0
2025-11-04 12:14:36	 61288	 -538	1813	0	 163.96	 -3	0 	0
2025-11-04 12:14:37	 61323	 -623	1839	0	 184.22	 -1	0 	0
2025-11-04 12:14:39	 61384	 -576	1807	0	 107.49	 0	1 	0
2025-11-04 12:14:40	 61419	 -621	1893	16	 353.54	 0	-1 	0
2025-11-04 12:14:41	 61454	 -507	1841	0	 340.93	 6	-3 	0
2025-11-04 12:14:42	 61489	 -280	1763	0	 352.79	 2	-1 	0
2025-11-04 12:14:43	 61524	 -239	1752	0	 354.29	 0	-1 	15
2025-11-04 12:14:44	 61569	 -375	1836	0	 314.87	 -3	1 	0
2025-11-04 12:14:45	 61604	 -409	1837	0	 168.40	 -5	-2 	0
2025-11-04 12:14:46	 61639	 -612	1818	0	 156.40	 -3	0 	0
2025-11-04 12:14:47	 61674	 -626	1835	0	 62.27	 0	2 	0
2025-11-04 12:14:48	 61709	 -624	1903	16	 326.82	 0	-1 	0
2025-11-04 12:14:49	 61744	 -439	1842	0	 333.24	 7	-3 	0
2025-11-04 12:14:50	 61779	 -252	1768	0	 333.85	 2	-2 	15
2025-11-04 12:14:51	 61814	 -235	1761	24	 313.86	 -1	0 	15
2025-11-04 12:14:52	 61849	 -228	1776	64	 293.29	 3	-8 	15
2025-11-04 12:14:53	 61888	 -163	1555	64	 248.64	 0	1 	0
2025-11-04 12:14:54	 61923	 -187	1553	64	 101.29	 0	0 	0
2025-11-04 12:14:55	 61958	 -167	1559	64	 351.43	 1	-3 	0
2025-11-04 12:14:56	 61993	 -83	1556	0	 353.98	 -5	0 	0
2025-11-04 12:14:57	 62028	 -20	1558	0	 10.59	 7	0 	0
2025-11-04 12:14:59	 62087	 -800	592	48	 199.60	 -3	3 	17
2025-11-04 12:15:00	 62122	 -910	494	48	 358.02	 -2	-8 	17
2025-11-04 12:15:01	 62157	 -727	462	48	 14.77	 7	1 	17
2025-11-04 12:15:02	 62192	 -697	467	48	 14.81	 4	1 	17
2025-11-04 12:15:03	 62227	 -749	551	48	 120.63	 -1	8 	17
2025-11-04 12:15:04	 62262	 -840	880	15	 87.41	 -4	13 	0
2025-11-04 12:15:05	 62297	 -820	1041	0	 358.99	 5	-6 	0
2025-11-04 12:15:06	 62332	 -476	978	0	 1.32	 6	-1 	0
2025-11-04 12:15:07	 62367	 -374	999	0	 114.04	 -3	1 	0
2025-11-04 12:15:08	 62402	 -427	1060	0	 98.61	 0	3 	0
2025-11-04 12:15:09	 62437	 -476	1150	0	 175.78	 -8	-3 	0
2025-11-04 12:15:10	 62472	 -744	1145	0	 135.97	 -7	1 	0
2025-11-04 12:15:11	 62507	 -697	1166	0	 342.51	 6	-3 	0
2025-11-04 12:15:12	 62542	 -470	1120	0	 106.57	 -1	-1 	0
2025-11-04 12:15:13	 62577	 -592	1263	0	 184.48	 -2	0 	0
2025-11-04 12:15:14	 62614	 -681	1305	0	 94.31	 1	6 	0
2025-11-04 12:15:15	 62649	 -749	1417	0	 212.87	 -6	-4 	0
2025-11-04 12:15:16	 62684	 -709	1423	0	 270.88	 0	-2 	0
2025-11-04 12:15:17	 62719	 -696	1250	0	 2.02	 6	-3 	0
2025-11-04 12:15:18	 62754	 -620	1234	0	 294.26	 7	1 	0
2025-11-04 12:15:19	 62789	 -567	1188	0	 307.84	 0	-8 	0
2025-11-04 12:15:20	 62824	 -401	1139	0	 267.98	 -1	-1 	0
2025-11-04 12:15:21	 62859	 -474	1022	0	 185.71	 -7	-4 	0
2025-11-04 12:15:22	 62894	 -769	919	0	 269.43	 0	-11 	0
2025-11-04 12:15:23	 62929	 -761	609	48	 324.14	 1	-6 	17
2025-11-04 12:15:24	 62964	 -746	432	56	 147.83	 -1	0 	17
2025-11-04 12:15:25	 62999	 -884	584	48	 50.32	 2	4 	17
2025-11-04 12:15:26	 63034	 -770	841	24	 97.43	 0	12 	0
2025-11-04 12:15:27	 63069	 -972	1116	0	 99.71	 -8	9 	0
2025-11-04 12:15:28	 63104	 -1001	1358	0	 184.97	 0	0 	0
2025-11-04 12:15:29	 63139	 -1019	1316	0	 180.92	 -4	-4 	0
2025-11-04 12:15:30	 63174	 -1165	1301	0	 172.62	 1	-1 	0
2025-11-04 12:15:31	 63209	 -1343	1313	0	 178.64	 -3	0 	21
2025-11-04 12:15:32	 63244	 -1517	1317	0	 189.36	 1	0 	0
2025-11-04 12:15:33	 63279	 -1301	1310	0	 203.55	 4	-1 	21
2025-11-04 12:15:34	 63314	 -1244	1286	0	 223.33	 3	-4 	21
2025-11-04 12:15:35	 63349	 -1248	1293	0	 112.10	 -1	6 	21
2025-11-04 12:15:36	 63384	 -1248	1361	0	 131.35	 0	-3 	21
2025-11-04 12:15:37	 63419	 -1222	1315	0	 133.64	 2	-4 	21
2025-11-04 12:15:38	 63454	 -1201	1309	0	 175.78	 0	0 	21
2025-11-04 12:15:39	 63489	 -1215	1296	0	 115.31	 -1	-1 	21
2025-11-04 12:15:40	 63524	 -1214	1306	0	 153.11	 -1	0 	21
2025-11-04 12:15:41	 63559	 -1239	1301	0	 181.14	 -8	-1 	21
2025-11-04 12:15:42	 63594	 -1695	1309	-54	 177.71	 -16	1 	20
2025-11-04 12:15:43	 63629	 -1732	1352	-120	 37.44	 3	6 	0
2025-11-04 12:15:44	 63664	 -1711	1533	-120	 101.73	 -3	4 	0
2025-11-04 12:15:45	 63699	 -1720	1582	-120	 239.24	 2	7 	0
2025-11-04 12:15:46	 63734	 -1733	1822	-120	 273.16	 -4	7 	0
2025-11-04 12:15:47	 63769	 -1724	1839	-120	 270.53	 3	0 	0
2025-11-04 12:15:48	 63804	 -1691	1838	-120	 270.26	 0	-1 	0
2025-11-04 12:15:51	 63899	 -1690	1837	-120	 268.02	 0	0 	0
2025-11-04 12:15:55	 64064	 -1693	1839	-120	 9.18	 -3	-1 	0
2025-11-04 12:15:56	 64099	 -1666	1837	-120	 293.20	 -2	-2 	0
2025-11-04 12:15:57	 64134	 -1734	1684	-120	 273.47	 1	-9 	0
2025-11-04 12:15:58	 64169	 -1713	1383	-120	 273.65	 -2	-9 	0
2025-11-04 12:15:59	 64204	 -1623	1201	-120	 275.62	 -3	2 	0
2025-11-04 12:16:00	 64239	 -1664	1411	-120	 271.63	 -1	8 	0
2025-11-04 12:16:01	 64274	 -1668	1444	-120	 274.79	 -1	-1 	0
2025-11-04 12:16:02	 64309	 -1573	1408	-120	 1.67	 6	1 	0
2025-11-04 12:16:03	 64344	 -1390	1397	-120	 229.53	 -5	-3 	0
2025-11-04 12:16:04	 64379	 -1680	1340	-120	 290.21	 -7	-7 	20
2025-11-04 12:16:05	 64414	 -1637	1196	-120	 353.63	 6	4 	0
2025-11-04 12:16:06	 64449	 -1375	1211	-120	 272.02	 4	-5 	0
2025-11-04 12:16:07	 64484	 -1360	1094	-120	 272.59	 -1	-2 	0
2025-11-04 12:16:08	 64519	 -1329	899	-120	 216.74	 1	-10 	0
2025-11-04 12:16:09	 64554	 -1441	798	-120	 162.11	 -4	0 	0
2025-11-04 12:16:12	 64628	 -1640	1077	0	 156.36	 -4	0 	18
2025-11-04 12:16:13	 64663	 -1681	981	0	 62.01	 -1	-1 	0
2025-11-04 12:16:14	 64698	 -1676	1053	0	 59.19	 1	2 	0
2025-11-04 12:16:15	 64733	 -1652	1093	0	 58.10	 1	2 	18
2025-11-04 12:16:16	 64768	 -1636	1119	0	 56.34	 0	0 	18
2025-11-04 12:16:17	 64803	 -1629	1129	0	 57.39	 0	0 	18
2025-11-04 12:16:18	 64838	 -1625	1127	0	 42.63	 -3	-5 	18
2025-11-04 12:16:19	 64873	 -1712	1039	0	 0.62	 -1	0 	0
2025-11-04 12:16:20	 64908	 -1574	1044	0	 279.84	 2	-1 	0
2025-11-04 12:16:21	 64943	 -1587	1058	0	 258.31	 -3	3 	0
2025-11-04 12:16:22	 64978	 -1712	1020	0	 270.31	 -3	-5 	16
2025-11-04 12:16:24	 65048	 -1296	1312	0	 193.80	 0	0 	21
2025-11-04 12:16:25	 65083	 -1370	1319	0	 315.70	 -2	0 	21
2025-11-04 12:16:26	 65118	 -1278	1313	0	 0.88	 6	-2 	21
2025-11-04 12:16:27	 65153	 -1270	1290	0	 99.18	 1	-3 	21
2025-11-04 12:16:28	 65188	 -1214	1320	0	 179.17	 2	1 	21
2025-11-04 12:16:29	 65223	 -1343	1403	-27	 181.10	 -7	5 	0
2025-11-04 12:16:30	 65258	 -1587	1380	-120	 134.60	 -10	-4 	0
2025-11-04 12:16:31	 65293	 -1725	1545	-120	 87.10	 0	12 	0
2025-11-04 12:16:32	 65346	 -1441	1520	0	 270.35	 -1	0 	19
2025-11-04 12:16:33	 65386	 -1456	1531	0	 13.93	 -4	-1 	19
2025-11-04 12:16:34	 65421	 -1395	1545	0	 118.56	 7	1 	19
2025-11-04 12:16:35	 65456	 -1362	1552	0	 218.72	 -1	0 	0
2025-11-04 12:16:36	 65495	 -1427	1512	0	 286.52	 -3	0 	19
2025-11-04 12:16:37	 65530	 -1453	1550	0	 321.99	 7	-6 	19
2025-11-04 12:16:38	 65565	 -1313	1362	-120	 272.07	 1	2 	0
2025-11-04 12:16:39	 65600	 -1525	1364	-120	 215.86	 -13	-1 	0
2025-11-04 12:16:40	 65635	 -1562	1175	-120	 0.26	 10	4 	0
2025-11-04 12:16:41	 65670	 -1326	1000	-120	 260.24	 -2	-15 	0
2025-11-04 12:16:43	 65723	 -1632	1089	0	 88.20	 0	0 	18
2025-11-04 12:16:44	 65758	 -1561	1034	0	 134.87	 4	-1 	0
2025-11-04 12:16:45	 65793	 -1574	1081	0	 247.98	 0	1 	0
2025-11-04 12:16:46	 65828	 -1658	1064	0	 249.87	 -5	-3 	18
2025-11-04 12:16:47	 65863	 -1685	1068	0	 18.46	 5	1 	0
2025-11-04 12:16:48	 65898	 -1615	1040	0	 283.18	 2	-1 	18
2025-11-04 12:16:49	 65933	 -1561	925	0	 263.89	 -1	-5 	0
2025-11-04 12:16:50	 65971	 -1569	912	0	 112.24	 0	0 	0
2025-11-04 12:16:51	 66007	 -1565	938	0	 85.25	 0	5 	0
2025-11-04 12:16:52	 66042	 -1633	1063	0	 129.81	 -6	0 	18
2025-11-04 12:16:53	 66077	 -1703	1115	0	 212.92	 -1	-3 	18
2025-11-04 12:16:54	 66112	 -1662	1136	0	 260.16	 -1	-3 	18
2025-11-04 12:16:55	 66147	 -1668	1067	0	 161.98	 0	1 	18
2025-11-04 12:16:56	 66182	 -1595	1040	0	 146.03	 0	-1 	0
2025-11-04 12:16:57	 66217	 -1582	1067	0	 87.41	 -1	1 	0
2025-11-04 12:16:58	 66252	 -1671	1093	0	 74.22	 -2	-2 	18
2025-11-04 12:16:59	 66287	 -1663	1041	0	 141.86	 0	0 	0
2025-11-04 12:17:00	 66328	 -1665	1048	0	 112.94	 -1	0 	0
2025-11-04 12:17:02	 66381	 -1667	1053	0	 113.69	 -1	0 	0
2025-11-04 12:17:04	 66482	 -1668	1054	0	 114.57	 -1	0 	0
2025-11-04 12:17:06	 66523	 -1669	1058	0	 115.40	 -1	0 	18
2025-11-04 12:17:07	 66558	 -1673	1066	0	 116.37	 -1	0 	18
2025-11-04 12:17:08	 66593	 -1677	1074	0	 117.16	 -1	0 	18
2025-11-04 12:17:09	 66628	 -1650	1042	0	 117.91	 0	0 	18
2025-11-04 12:17:10	 66663	 -1649	1045	0	 118.34	 -1	0 	18
2025-11-04 12:17:11	 66700	 -1675	1064	0	 173.98	 -4	1 	0
2025-11-04 12:17:12	 66735	 -1711	980	0	 113.38	 -2	4 	0
2025-11-04 12:17:13	 66770	 -1716	1084	0	 181.14	 -1	-2 	0
2025-11-04 12:17:14	 66805	 -1656	1040	0	 84.64	 2	-1 	18
2025-11-04 12:17:15	 66840	 -1673	1065	0	 229.39	 -5	-1 	18
2025-11-04 12:17:16	 66875	 -1693	987	0	 265.52	 1	-6 	0
2025-11-04 12:17:17	 66936	 -1242	1304	0	 164.27	 3	-1 	21
2025-11-04 12:17:18	 66971	 -1297	1304	0	 182.86	 -11	-1 	21
2025-11-04 12:17:19	 67006	 -1789	1296	0	 171.78	 -13	0 	20
2025-11-04 12:17:21	 67058	 -1869	1305	0	 168.97	 -1	0 	0
2025-11-04 12:17:22	 67093	 -1947	1312	0	 177.85	 -11	0 	0
2025-11-04 12:17:28	 67243	 351	388	160	 268.59	 -1	-1 	0
